title,year,time,genres,links,rating,thumb,plot,director,stars,new_links,movieId
Toy Story,1995,1h 21m,"Animation, Adventure, Comedy",tt0114709,8.3,"https://m.media-amazon.com/images/M/MV5BMDU2ZWJlMjktMTRhMy00ZTA5LWEzNDgtYmNmZTEwZTViZWJkXkEyXkFqcGdeQXVyNDQ2OTk4MzI@._V1_UX182_CR0,0,182,268_AL__QL50.jpg","
                    A cowboy doll is profoundly threatened and jealous when a new spaceman figure supplants him as top toy in a boy's room.
            ",John Lasseter,"Tom Hanks, Tim Allen, Don Rickles",114709,1
Heat,1995,2h 50m,"Crime, Drama, Thriller",tt0113277,8.2,"https://m.media-amazon.com/images/M/MV5BNDc0YTQ5NGEtM2NkYS00MWRhLThiNzAtNmY3NWU3YzNkMjIyXkEyXkFqcGdeQXVyNzkwMjQ5NzM@._V1_UX182_CR0,0,182,268_AL__QL50.jpg","
                    A group of professional bank robbers start to feel the heat from police when they unknowingly leave a clue at their latest heist.
            ",Michael Mann,"Al Pacino, Robert De Niro, Val Kilmer",113277,6
Casino,1995,2h 58m,"Crime, Drama",tt0112641,8.2,"https://m.media-amazon.com/images/M/MV5BMTcxOWYzNDYtYmM4YS00N2NkLTk0NTAtNjg1ODgwZjAxYzI3XkEyXkFqcGdeQXVyNTA4NzY1MzY@._V1_UX182_CR0,0,182,268_AL__QL50.jpg","
                    A tale of greed, deception, money, power, and murder occur between two best friends: a mafia enforcer and a casino executive, compete against each other over a gambling empire, and over a fast living and fast loving socialite.
            ",Martin Scorsese,"Robert De Niro, Sharon Stone, Joe Pesci",112641,16
Se7en,1995,2h 7m,"Crime, Drama, Mystery",tt0114369,8.6,"https://m.media-amazon.com/images/M/MV5BOTUwODM5MTctZjczMi00OTk4LTg3NWUtNmVhMTAzNTNjYjcyXkEyXkFqcGdeQXVyNjU0OTQ0OTY@._V1_UX182_CR0,0,182,268_AL__QL50.jpg","
                    Two detectives, a rookie and a veteran, hunt a serial killer who uses the seven deadly sins as his motives.
            ",David Fincher,"Morgan Freeman, Brad Pitt, Kevin Spacey",114369,47
The Usual Suspects,1995,1h 46m,"Crime, Mystery, Thriller",tt0114814,8.6,"https://m.media-amazon.com/images/M/MV5BYTViNjMyNmUtNDFkNC00ZDRlLThmMDUtZDU2YWE4NGI2ZjVmXkEyXkFqcGdeQXVyNjU0OTQ0OTY@._V1_UX182_CR0,0,182,268_AL__QL50.jpg","
                    A sole survivor tells of the twisty events leading up to a horrific gun battle on a boat, which began when five criminals met at a seemingly random police lineup.
            ",Bryan Singer,"Kevin Spacey, Gabriel Byrne, Chazz Palminteri",114814,50
La haine,1995,1h 38m,"Crime, Drama",tt0113247,8.1,"https://m.media-amazon.com/images/M/MV5BNDNiOTA5YjktY2Q0Ni00ODgzLWE5MWItNGExOWRlYjY2MjBlXkEyXkFqcGdeQXVyNjQ2MjQ5NzM@._V1_UY268_CR3,0,182,268_AL__QL50.jpg","
                    24 hours in the lives of three young men in the French suburbs the day after a violent riot.
            ",Mathieu Kassovitz,"Vincent Cassel, Hubert Koundé, Saïd Taghmaoui",113247,97
Braveheart,1995,2h 58m,"Biography, Drama, History",tt0112573,8.4,"https://m.media-amazon.com/images/M/MV5BMzkzMmU0YTYtOWM3My00YzBmLWI0YzctOGYyNTkwMWE5MTJkXkEyXkFqcGdeQXVyNzkwMjQ5NzM@._V1_UX182_CR0,0,182,268_AL__QL50.jpg","
                    When his secret bride is executed for assaulting an English soldier who tried to rape her, William Wallace begins a revolt against King Edward I of England.
            ",Mel Gibson,"Mel Gibson, Sophie Marceau, Patrick McGoohan",112573,110
Taxi Driver,1976,1h 54m,"Crime, Drama",tt0075314,8.3,"https://m.media-amazon.com/images/M/MV5BM2M1MmVhNDgtNmI0YS00ZDNmLTkyNjctNTJiYTQ2N2NmYzc2XkEyXkFqcGdeQXVyNzkwMjQ5NzM@._V1_UX182_CR0,0,182,268_AL__QL50.jpg","
                    A mentally unstable veteran works as a nighttime taxi driver in New York City, where the perceived decadence and sleaze fuels his urge for violent action by attempting to liberate a presidential campaign worker and an underage prostitute.
            ",Martin Scorsese,"Robert De Niro, Jodie Foster, Cybill Shepherd",75314,111
Before Sunrise,1995,1h 41m,"Drama, Romance",tt0112471,8.1,"https://m.media-amazon.com/images/M/MV5BZDdiZTAwYzAtMDI3Ni00OTRjLTkzN2UtMGE3MDMyZmU4NTU4XkEyXkFqcGdeQXVyNjU0OTQ0OTY@._V1_UX182_CR0,0,182,268_AL__QL50.jpg","
                    A young man and woman meet on a train in Europe, and wind up spending one evening together in Vienna. Unfortunately, both know that this will probably be their only night together.
            ",Richard Linklater,"Ethan Hawke, Julie Delpy, Andrea Eckert",112471,215
Star Wars,1977,2h 1m,"Action, Adventure, Fantasy",tt0076759,8.6,"https://m.media-amazon.com/images/M/MV5BNzVlY2MwMjktM2E4OS00Y2Y3LWE3ZjctYzhkZGM3YzA1ZWM2XkEyXkFqcGdeQXVyNzkwMjQ5NzM@._V1_UX182_CR0,0,182,268_AL__QL50.jpg","
                    Luke Skywalker joins forces with a Jedi Knight, a cocky pilot, a Wookiee and two droids to save the galaxy from the Empire's world-destroying battle station, while also attempting to rescue Princess Leia from the mysterious Darth Vader.
            ",George Lucas,"Mark Hamill, Harrison Ford, Carrie Fisher",76759,260
Léon,1994,1h 50m,"Crime, Drama, Thriller",tt0110413,8.6,"https://m.media-amazon.com/images/M/MV5BZDAwYTlhMDEtNTg0OS00NDY2LWJjOWItNWY3YTZkM2UxYzUzXkEyXkFqcGdeQXVyNTA4NzY1MzY@._V1_UY268_CR4,0,182,268_AL__QL50.jpg","
                    Mathilda, a 12-year-old girl, is reluctantly taken in by Léon, a professional assassin, after her family is murdered. Léon and Mathilda form an unusual relationship, as she becomes his protégée and learns the assassin's trade.
            ",Luc Besson,"Jean Reno, Gary Oldman, Natalie Portman",110413,293
Pulp Fiction,1994,2h 34m,"Crime, Drama",tt0110912,8.9,"https://m.media-amazon.com/images/M/MV5BNGNhMDIzZTUtNTBlZi00MTRlLWFjM2ItYzViMjE3YzI5MjljXkEyXkFqcGdeQXVyNzkwMjQ5NzM@._V1_UY268_CR1,0,182,268_AL__QL50.jpg","
                    The lives of two mob hitmen, a boxer, a gangster's wife, and a pair of diner bandits intertwine in four tales of violence and redemption.
            ",Quentin Tarantino,"John Travolta, Uma Thurman, Samuel L. Jackson",110912,296
Trois couleurs: Rouge,1994,1h 39m,"Drama, Mystery, Romance",tt0111495,8.1,"https://m.media-amazon.com/images/M/MV5BYTg1MmNiMjItMmY4Yy00ZDQ3LThjMzYtZGQ0ZTQzNTdkMGQ1L2ltYWdlL2ltYWdlXkEyXkFqcGdeQXVyMTQxNzMzNDI@._V1_UX182_CR0,0,182,268_AL__QL50.jpg","
                    A model discovers her neighbor is keen on invading people's privacy.
            ",Krzysztof Kieslowski,"Irène Jacob, Jean-Louis Trintignant, Frédérique Feder",111495,306
The Shawshank Redemption,1994,2h 22m,Drama,tt0111161,9.3,"https://m.media-amazon.com/images/M/MV5BMDFkYTc0MGEtZmNhMC00ZDIzLWFmNTEtODM1ZmRlYWMwMWFmXkEyXkFqcGdeQXVyMTMxODk2OTU@._V1_UX182_CR0,0,182,268_AL__QL50.jpg","
                    Two imprisoned men bond over a number of years, finding solace and eventual redemption through acts of common decency.
            ",Frank Darabont,"Tim Robbins, Morgan Freeman, Bob Gunton",111161,318
Forrest Gump,1994,2h 22m,"Drama, Romance",tt0109830,8.8,"https://m.media-amazon.com/images/M/MV5BNWIwODRlZTUtY2U3ZS00Yzg1LWJhNzYtMmZiYmEyNmU1NjMzXkEyXkFqcGdeQXVyMTQxNzMzNDI@._V1_UY268_CR1,0,182,268_AL__QL50.jpg","
                    The presidencies of Kennedy and Johnson, Vietnam, Watergate, and other history unfold through the perspective of an Alabama man with an IQ of 75.
            ",Robert Zemeckis,"Tom Hanks, Robin Wright, Gary Sinise",109830,356
The Lion King,1994,1h 28m,"Animation, Adventure, Drama",tt0110357,8.5,"https://m.media-amazon.com/images/M/MV5BYTYxNGMyZTYtMjE3MS00MzNjLWFjNmYtMDk3N2FmM2JiM2M1XkEyXkFqcGdeQXVyNjY5NDU4NzI@._V1_UX182_CR0,0,182,268_AL__QL50.jpg","
                    A Lion cub crown prince is tricked by a treacherous uncle into thinking he caused his father's death and flees into exile in despair, only to learn in adulthood his identity and his responsibilities.
            ",Roger Allers,"Matthew Broderick, Jeremy Irons, James Earl Jones",110357,364
In the Name of the Father,1993,2h 13m,"Biography, Drama",tt0107207,8.1,"https://m.media-amazon.com/images/M/MV5BMmYyOTgwYWItYmU3Ny00M2E2LTk0NWMtMDVlNmQ0MWZiMTMxXkEyXkFqcGdeQXVyNzkwMjQ5NzM@._V1_UX182_CR0,0,182,268_AL__QL50.jpg","
                    A man's coerced confession to an IRA bombing he did not commit results in the imprisonment of his father as well. An English lawyer fights to free them.
            ",Jim Sheridan,"Daniel Day-Lewis, Pete Postlethwaite, Alison Crosbie",107207,475
Jurassic Park,1993,2h 7m,"Adventure, Sci-Fi, Thriller",tt0107290,8.1,"https://m.media-amazon.com/images/M/MV5BMjM2MDgxMDg0Nl5BMl5BanBnXkFtZTgwNTM2OTM5NDE@._V1_UX182_CR0,0,182,268_AL__QL50.jpg","
                    During a preview tour, a theme park suffers a major power breakdown that allows its cloned dinosaur exhibits to run amok.
            ",Steven Spielberg,"Sam Neill, Laura Dern, Jeff Goldblum",107290,480
Schindler's List,1993,3h 15m,"Biography, Drama, History",tt0108052,8.9,"https://m.media-amazon.com/images/M/MV5BNDE4OTMxMTctNmRhYy00NWE2LTg3YzItYTk3M2UwOTU5Njg4XkEyXkFqcGdeQXVyNjU0OTQ0OTY@._V1_UX182_CR0,0,182,268_AL__QL50.jpg","
                    In German-occupied Poland during World War II, Oskar Schindler gradually becomes concerned for his Jewish workforce after witnessing their persecution by the Nazi Germans.
            ",Steven Spielberg,"Liam Neeson, Ralph Fiennes, Ben Kingsley",108052,527
Blade Runner,1982,1h 57m,"Sci-Fi, Thriller",tt0083658,8.2,"https://m.media-amazon.com/images/M/MV5BNzQzMzJhZTEtOWM4NS00MTdhLTg0YjgtMjM4MDRkZjUwZDBlXkEyXkFqcGdeQXVyNjU0OTQ0OTY@._V1_UX182_CR0,0,182,268_AL__QL50.jpg","
                    A blade runner must pursue and terminate four replicants who stole a ship in space, and have returned to Earth to find their creator.
            ",Ridley Scott,"Harrison Ford, Rutger Hauer, Sean Young",83658,541
Terminator 2: Judgment Day,1991,2h 17m,"Action, Sci-Fi",tt0103064,8.5,"https://m.media-amazon.com/images/M/MV5BMGU2NzRmZjUtOGUxYS00ZjdjLWEwZWItY2NlM2JhNjkxNTFmXkEyXkFqcGdeQXVyNjU0OTQ0OTY@._V1_UX182_CR0,0,182,268_AL__QL50.jpg","
                    A cyborg, identical to the one who failed to kill Sarah Connor, must now protect her teenage son, John Connor, from a more advanced and powerful cyborg.
            ",James Cameron,"Arnold Schwarzenegger, Linda Hamilton, Edward Furlong",103064,589
The Silence of the Lambs,1991,1h 58m,"Crime, Drama, Thriller",tt0102926,8.6,"https://m.media-amazon.com/images/M/MV5BNjNhZTk0ZmEtNjJhMi00YzFlLWE1MmEtYzM1M2ZmMGMwMTU4XkEyXkFqcGdeQXVyNjU0OTQ0OTY@._V1_UX182_CR0,0,182,268_AL__QL50.jpg","
                    A young FBI cadet must receive the help of an incarcerated and manipulative cannibal killer to help catch another serial killer, a madman who skins his victims.
            ",Jonathan Demme,"Jodie Foster, Anthony Hopkins, Lawrence A. Bonney",102926,593
Fargo,1996,1h 38m,"Crime, Drama, Thriller",tt0116282,8.1,"https://m.media-amazon.com/images/M/MV5BNDJiZDgyZjctYmRjMS00ZjdkLTkwMTEtNGU1NDg3NDQ0Yzk1XkEyXkFqcGdeQXVyNzkwMjQ5NzM@._V1_UX182_CR0,0,182,268_AL__QL50.jpg","
                    Jerry Lundegaard's inept crime falls apart due to his and his henchmen's bungling and the persistent police work of the quite pregnant Marge Gunderson.
            ",Joel Coen,"William H. Macy, Frances McDormand, Steve Buscemi",116282,608
Dr. Strangelove or: How I Learned to Stop Worrying and Love the Bomb,1964,1h 35m,Comedy,tt0057012,8.4,"https://m.media-amazon.com/images/M/MV5BZWI3ZTMxNjctMjdlNS00NmUwLWFiM2YtZDUyY2I3N2MxYTE0XkEyXkFqcGdeQXVyNzkwMjQ5NzM@._V1_UX182_CR0,0,182,268_AL__QL50.jpg","
                    An insane general triggers a path to nuclear holocaust that a War Room full of politicians and generals frantically tries to stop.
            ",Stanley Kubrick,"Peter Sellers, George C. Scott, Sterling Hayden",57012,750
Trainspotting,1996,1h 33m,Drama,tt0117951,8.2,"https://m.media-amazon.com/images/M/MV5BMzA5Zjc3ZTMtMmU5YS00YTMwLWI4MWUtYTU0YTVmNjVmODZhXkEyXkFqcGdeQXVyNjU0OTQ0OTY@._V1_UX182_CR0,0,182,268_AL__QL50.jpg","
                    Renton, deeply immersed in the Edinburgh drug scene, tries to clean up and get out, despite the allure of the drugs and influence of friends.
            ",Danny Boyle,"Ewan McGregor, Ewen Bremner, Jonny Lee Miller",117951,778
The Godfather,1972,2h 55m,"Crime, Drama",tt0068646,9.2,"https://m.media-amazon.com/images/M/MV5BM2MyNjYxNmUtYTAwNi00MTYxLWJmNWYtYzZlODY3ZTk3OTFlXkEyXkFqcGdeQXVyNzkwMjQ5NzM@._V1_UY268_CR3,0,182,268_AL__QL50.jpg","
                    The aging patriarch of an organized crime dynasty transfers control of his clandestine empire to his reluctant son.
            ",Francis Ford Coppola,"Marlon Brando, Al Pacino, James Caan",68646,858
Singin' in the Rain,1952,1h 43m,"Comedy, Musical, Romance",tt0045152,8.3,"https://m.media-amazon.com/images/M/MV5BMWUyNjQ5MTAtNDJhYS00MWQ0LTk2ZTAtZmE4MWNlMjMwMzg3XkEyXkFqcGdeQXVyNTA4NzY1MzY@._V1_UX182_CR0,0,182,268_AL__QL50.jpg","
                    A silent film production company and cast make a difficult transition to sound.
            ",Stanley Donen,"Gene Kelly, Donald O'Connor, Debbie Reynolds",45152,899
Vertigo,1958,2h 8m,"Mystery, Romance, Thriller",tt0052357,8.3,"https://m.media-amazon.com/images/M/MV5BYTE4ODEwZDUtNDFjOC00NjAxLWEzYTQtYTI1NGVmZmFlNjdiL2ltYWdlL2ltYWdlXkEyXkFqcGdeQXVyNjc1NTYyMjg@._V1_UX182_CR0,0,182,268_AL__QL50.jpg","
                    A former police detective juggles wrestling with his personal demons and becoming obsessed with a hauntingly beautiful woman.
            ",Alfred Hitchcock,"James Stewart, Kim Novak, Barbara Bel Geddes",52357,903
Rear Window,1954,1h 52m,"Mystery, Thriller",tt0047396,8.5,"https://m.media-amazon.com/images/M/MV5BNGUxYWM3M2MtMGM3Mi00ZmRiLWE0NGQtZjE5ODI2OTJhNTU0XkEyXkFqcGdeQXVyMTQxNzMzNDI@._V1_UY268_CR0,0,182,268_AL__QL50.jpg","
                    A wheelchair-bound photographer spies on his neighbors from his apartment window and becomes convinced one of them has committed murder.
            ",Alfred Hitchcock,"James Stewart, Grace Kelly, Wendell Corey",47396,904
It Happened One Night,1934,1h 45m,"Comedy, Romance",tt0025316,8.1,"https://m.media-amazon.com/images/M/MV5BZmViYmM5OTYtNGQ4Ny00YjQyLThiNjEtYTE4MGZhZTNmZjcyL2ltYWdlL2ltYWdlXkEyXkFqcGdeQXVyNjU0OTQ0OTY@._V1_UX182_CR0,0,182,268_AL__QL50.jpg","
                    A spoiled heiress running away from her family is helped by a man who is actually a reporter in need of a story.
            ",Frank Capra,"Clark Gable, Claudette Colbert, Walter Connolly",25316,905
North by Northwest,1959,2h 16m,"Adventure, Mystery, Thriller",tt0053125,8.3,"https://m.media-amazon.com/images/M/MV5BZDA3NDExMTUtMDlhOC00MmQ5LWExZGUtYmI1NGVlZWI4OWNiXkEyXkFqcGdeQXVyNjc1NTYyMjg@._V1_UX182_CR0,0,182,268_AL__QL50.jpg","
                    A hapless New York City advertising executive is mistaken for a government agent by a group of foreign spies, and is pursued across the country while he looks for a way to survive.
            ",Alfred Hitchcock,"Cary Grant, Eva Marie Saint, James Mason",53125,908
The Apartment,1960,2h 5m,"Comedy, Drama, Romance",tt0053604,8.3,"https://m.media-amazon.com/images/M/MV5BNzkwODFjNzItMmMwNi00MTU5LWE2MzktM2M4ZDczZGM1MmViXkEyXkFqcGdeQXVyNDY2MTk1ODk@._V1_UX182_CR0,0,182,268_AL__QL50.jpg","
                    A man tries to rise in his company by letting its executives use his apartment for trysts, but complications and a romance of his own ensue.
            ",Billy Wilder,"Jack Lemmon, Shirley MacLaine, Fred MacMurray",53604,909
Some Like It Hot,1959,2h 1m,"Comedy, Romance",tt0053291,8.2,"https://m.media-amazon.com/images/M/MV5BNzAyOGIxYjAtMGY2NC00ZTgyLWIwMWEtYzY0OWQ4NDFjOTc5XkEyXkFqcGdeQXVyNjU0OTQ0OTY@._V1_UX182_CR0,0,182,268_AL__QL50.jpg","
                    When two male musicians witness a mob hit, they flee the state in an all-female band disguised as women, but further complications set in.
            ",Billy Wilder,"Marilyn Monroe, Tony Curtis, Jack Lemmon",53291,910
Casablanca,1942,1h 42m,"Drama, Romance, War",tt0034583,8.5,"https://m.media-amazon.com/images/M/MV5BY2IzZGY2YmEtYzljNS00NTM5LTgwMzUtMzM1NjQ4NGI0OTk0XkEyXkFqcGdeQXVyNDYyMDk5MTU@._V1_UX182_CR0,0,182,268_AL__QL50.jpg","
                    A cynical nightclub owner protects an old flame and her husband from Nazis in Morocco.
            ",Michael Curtiz,"Humphrey Bogart, Ingrid Bergman, Paul Henreid",34583,912
The Maltese Falcon,1941,1h 40m,"Film-Noir, Mystery",tt0033870,8.1,"https://m.media-amazon.com/images/M/MV5BZjIwNGM1ZTUtOThjYS00NDdiLTk2ZDYtNGY5YjJkNzliM2JjL2ltYWdlL2ltYWdlXkEyXkFqcGdeQXVyMDI2NDg0NQ@@._V1_UX182_CR0,0,182,268_AL__QL50.jpg","
                    A private detective takes on a case that involves him with three eccentric criminals, a gorgeous liar, and their quest for a priceless statuette.
            ",John Huston,"Humphrey Bogart, Mary Astor, Gladys George",33870,913
The Wizard of Oz,1939,1h 42m,"Adventure, Family, Fantasy",tt0032138,8.0,"https://m.media-amazon.com/images/M/MV5BNjUyMTc4MDExMV5BMl5BanBnXkFtZTgwNDg0NDIwMjE@._V1_UX182_CR0,0,182,268_AL__QL50.jpg","
                    Dorothy Gale is swept away from a farm in Kansas to a magical land of Oz in a tornado and embarks on a quest with her new friends to see the Wizard who can help her return home to Kansas and help her friends as well.
            ",Victor Fleming,"Judy Garland, Frank Morgan, Ray Bolger",32138,919
Gone with the Wind,1939,3h 58m,"Drama, History, Romance",tt0031381,8.2,"https://m.media-amazon.com/images/M/MV5BYjUyZWZkM2UtMzYxYy00ZmQ3LWFmZTQtOGE2YjBkNjA3YWZlXkEyXkFqcGdeQXVyNzkwMjQ5NzM@._V1_UX182_CR0,0,182,268_AL__QL50.jpg","
                    A manipulative woman and a roguish man conduct a turbulent romance during the American Civil War and Reconstruction periods.
            ",Victor Fleming,"Clark Gable, Vivien Leigh, Thomas Mitchell",31381,920
Sunset Blvd.,1950,1h 50m,"Drama, Film-Noir",tt0043014,8.4,"https://m.media-amazon.com/images/M/MV5BMTU0NTkyNzYwMF5BMl5BanBnXkFtZTgwMDU0NDk5MTI@._V1_UX182_CR0,0,182,268_AL__QL50.jpg","
                    A screenwriter is hired to rework a faded silent film star's script, only to find himself developing a dangerous relationship.
            ",Billy Wilder,"William Holden, Gloria Swanson, Erich von Stroheim",43014,922
Citizen Kane,1941,1h 59m,"Drama, Mystery",tt0033467,8.3,"https://m.media-amazon.com/images/M/MV5BYjBiOTYxZWItMzdiZi00NjlkLWIzZTYtYmFhZjhiMTljOTdkXkEyXkFqcGdeQXVyNzkwMjQ5NzM@._V1_UX182_CR0,0,182,268_AL__QL50.jpg","
                    Following the death of a publishing tycoon, news reporters scramble to discover the meaning of his final utterance.
            ",Orson Welles,"Orson Welles, Joseph Cotten, Dorothy Comingore",33467,923
2001: A Space Odyssey,1968,2h 29m,"Adventure, Sci-Fi",tt0062622,8.3,"https://m.media-amazon.com/images/M/MV5BMmNlYzRiNDctZWNhMi00MzI4LThkZTctMTUzMmZkMmFmNThmXkEyXkFqcGdeQXVyNzkwMjQ5NzM@._V1_UX182_CR0,0,182,268_AL__QL50.jpg","
                    After discovering a mysterious artifact buried beneath the lunar surface, mankind sets off on a quest to find its origins with help from intelligent supercomputer HAL 9000.
            ",Stanley Kubrick,"Keir Dullea, Gary Lockwood, William Sylvester",62622,924
All About Eve,1950,2h 18m,Drama,tt0042192,8.3,"https://m.media-amazon.com/images/M/MV5BMTY2MTAzODI5NV5BMl5BanBnXkFtZTgwMjM4NzQ0MjE@._V1_UX182_CR0,0,182,268_AL__QL50.jpg","
                    An ingenue insinuates herself into the company of an established but aging stage actress and her circle of theater friends.
            ",Joseph L. Mankiewicz,"Bette Davis, Anne Baxter, George Sanders",42192,926
Rebecca,1940,2h 10m,"Drama, Mystery, Romance",tt0032976,8.1,"https://m.media-amazon.com/images/M/MV5BYTcxYWExOTMtMWFmYy00ZjgzLWI0YjktNWEzYzJkZTg0NDdmL2ltYWdlXkEyXkFqcGdeQXVyNjc1NTYyMjg@._V1_UY268_CR2,0,182,268_AL__QL50.jpg","
                    A self-conscious bride is tormented by the memory of her husband's dead first wife.
            ",Alfred Hitchcock,"Laurence Olivier, Joan Fontaine, George Sanders",32976,928
It's a Wonderful Life,1946,2h 10m,"Drama, Family, Fantasy",tt0038650,8.6,"https://m.media-amazon.com/images/M/MV5BZjc4NDZhZWMtNGEzYS00ZWU2LThlM2ItNTA0YzQ0OTExMTE2XkEyXkFqcGdeQXVyNjUwMzI2NzU@._V1_UY268_CR1,0,182,268_AL__QL50.jpg","
                    An angel is sent from Heaven to help a desperately frustrated businessman by showing him what life would have been like if he had never existed.
            ",Frank Capra,"James Stewart, Donna Reed, Lionel Barrymore",38650,953
Mr. Smith Goes to Washington,1939,2h 9m,"Comedy, Drama",tt0031679,8.2,"https://m.media-amazon.com/images/M/MV5BZTYwYjYxYzgtMDE1Ni00NzU4LWJlMTEtODQ5YmJmMGJhZjI5L2ltYWdlXkEyXkFqcGdeQXVyMDI2NDg0NQ@@._V1_UX182_CR0,0,182,268_AL__QL50.jpg","
                    A naive man is appointed to fill a vacancy in the United States Senate. His plans promptly collide with political corruption, but he doesn't back down.
            ",Frank Capra,"James Stewart, Jean Arthur, Claude Rains",31679,954
Die Hard,1988,2h 12m,"Action, Thriller",tt0095016,8.2,"https://m.media-amazon.com/images/M/MV5BZjRlNDUxZjAtOGQ4OC00OTNlLTgxNmQtYTBmMDgwZmNmNjkxXkEyXkFqcGdeQXVyNzkwMjQ5NzM@._V1_UX182_CR0,0,182,268_AL__QL50.jpg","
                    An NYPD officer tries to save his wife and several others taken hostage by German terrorists during a Christmas party at the Nakatomi Plaza in Los Angeles.
            ",John McTiernan,"Bruce Willis, Alan Rickman, Bonnie Bedelia",95016,1036
Life of Brian,1979,1h 34m,Comedy,tt0079470,8.1,"https://m.media-amazon.com/images/M/MV5BMzAwNjU1OTktYjY3Mi00NDY5LWFlZWUtZjhjNGE0OTkwZDkwXkEyXkFqcGdeQXVyMTQxNzMzNDI@._V1_UX182_CR0,0,182,268_AL__QL50.jpg","
                    Born on the original Christmas in the stable next door to Jesus, Brian of Nazareth spends his life being mistaken for a messiah.
            ",Terry Jones,"Graham Chapman, John Cleese, Michael Palin",79470,1080
Dial M for Murder,1954,1h 45m,"Crime, Thriller",tt0046912,8.2,"https://m.media-amazon.com/images/M/MV5BOWIwODIxYWItZDI4MS00YzhhLWE3MmYtMzlhZDIwOTMzZmE5L2ltYWdlXkEyXkFqcGdeQXVyNjc1NTYyMjg@._V1_UX182_CR0,0,182,268_AL__QL50.jpg","
                    A tennis player frames his unfaithful wife for first-degree murder after she inadvertently hinders his plan to kill her.
            ",Alfred Hitchcock,"Ray Milland, Grace Kelly, Robert Cummings",46912,1086
Reservoir Dogs,1992,1h 39m,"Crime, Drama, Thriller",tt0105236,8.3,"https://m.media-amazon.com/images/M/MV5BZmExNmEwYWItYmQzOS00YjA5LTk2MjktZjEyZDE1Y2QxNjA1XkEyXkFqcGdeQXVyMTQxNzMzNDI@._V1_UX182_CR0,0,182,268_AL__QL50.jpg","
                    When a simple jewelry heist goes horribly wrong, the surviving criminals begin to suspect that one of them is a police informant.
            ",Quentin Tarantino,"Harvey Keitel, Tim Roth, Michael Madsen",105236,1089
Platoon,1986,2h   ,"Drama, War",tt0091763,8.1,"https://m.media-amazon.com/images/M/MV5BM2Y1NTQyNWYtNDViNy00ZWRhLTk3MTMtOTI3ZGQ5MDFiNWM4XkEyXkFqcGdeQXVyNzkwMjQ5NzM@._V1_UX182_CR0,0,182,268_AL__QL50.jpg","
                    A young soldier in Vietnam faces a moral crisis when confronted with the horrors of war and the duality of man.
            ",Oliver Stone,"Charlie Sheen, Tom Berenger, Willem Dafoe",91763,1090
Monty Python and the Holy Grail,1975,1h 31m,"Adventure, Comedy, Fantasy",tt0071853,8.3,"https://m.media-amazon.com/images/M/MV5BN2IyNTE4YzUtZWU0Mi00MGIwLTgyMmQtMzQ4YzQxYWNlYWE2XkEyXkFqcGdeQXVyNjU0OTQ0OTY@._V1_UX182_CR0,0,182,268_AL__QL50.jpg","
                    King Arthur and his Knights of the Round Table embark on a surreal, low-budget search for the Holy Grail, encountering many, very silly obstacles.
            ",Terry Gilliam,"Graham Chapman, John Cleese, Eric Idle",71853,1136
Nuovo Cinema Paradiso,1988,2h 35m,Drama,tt0095765,8.5,"https://m.media-amazon.com/images/M/MV5BM2FhYjEyYmYtMDI1Yy00YTdlLWI2NWQtYmEzNzAxOGY1NjY2XkEyXkFqcGdeQXVyNTA3NTIyNDg@._V1_UX182_CR0,0,182,268_AL__QL50.jpg","
                    A filmmaker recalls his childhood when falling in love with the pictures at the cinema of his home village and forms a deep friendship with the cinema's projectionist.
            ",Giuseppe Tornatore,"Philippe Noiret, Enzo Cannavale, Antonella Attili",95765,1172
Paths of Glory,1957,1h 28m,"Drama, War",tt0050825,8.4,"https://m.media-amazon.com/images/M/MV5BNjViMmRkOTEtM2ViOS00ODg0LWJhYWEtNTBlOGQxNDczOGY3XkEyXkFqcGdeQXVyMDI2NDg0NQ@@._V1_UY268_CR6,0,182,268_AL__QL50.jpg","
                    After refusing to attack an enemy position, a general accuses the soldiers of cowardice and their commanding officer must defend them.
            ",Stanley Kubrick,"Kirk Douglas, Ralph Meeker, Adolphe Menjou",50825,1178
One Flew Over the Cuckoo's Nest,1975,2h 13m,Drama,tt0073486,8.7,"https://m.media-amazon.com/images/M/MV5BZjA0OWVhOTAtYWQxNi00YzNhLWI4ZjYtNjFjZTEyYjJlNDVlL2ltYWdlL2ltYWdlXkEyXkFqcGdeQXVyMTQxNzMzNDI@._V1_UX182_CR0,0,182,268_AL__QL50.jpg","
                    A criminal pleads insanity after getting into trouble again and once in the mental institution rebels against the oppressive nurse and rallies up the scared patients.
            ",Milos Forman,"Jack Nicholson, Louise Fletcher, Will Sampson",73486,1193
Star Wars: Episode V - The Empire Strikes Back,1980,2h 4m,"Action, Adventure, Fantasy",tt0080684,8.8,"https://m.media-amazon.com/images/M/MV5BYmU1NDRjNDgtMzhiMi00NjZmLTg5NGItZDNiZjU5NTU4OTE0XkEyXkFqcGdeQXVyNzkwMjQ5NzM@._V1_UX182_CR0,0,182,268_AL__QL50.jpg","
                    After the rebels are brutally overpowered by the Empire on the ice planet Hoth, Luke Skywalker begins Jedi training with Yoda, while his friends are pursued by Darth Vader.
            ",Irvin Kershner,"Mark Hamill, Harrison Ford, Carrie Fisher",80684,1196
The Princess Bride,1987,1h 38m,"Adventure, Family, Fantasy",tt0093779,8.1,"https://m.media-amazon.com/images/M/MV5BMGM4M2Q5N2MtNThkZS00NTc1LTk1NTItNWEyZjJjNDRmNDk5XkEyXkFqcGdeQXVyMjA0MDQ0Mjc@._V1_UX182_CR0,0,182,268_AL__QL50.jpg","
                    While home sick in bed, a young boy's grandfather reads him the story of a farmboy-turned-pirate who encounters numerous obstacles, enemies and allies in his quest to be reunited with his true love.
            ",Rob Reiner,"Cary Elwes, Mandy Patinkin, Robin Wright",93779,1197
Raiders of the Lost Ark,1981,1h 55m,"Action, Adventure",tt0082971,8.5,"https://m.media-amazon.com/images/M/MV5BMjA0ODEzMTc1Nl5BMl5BanBnXkFtZTcwODM2MjAxNA@@._V1_UX182_CR0,0,182,268_AL__QL50.jpg","
                    In 1936, archaeologist and adventurer Indiana Jones is hired by the U.S. government to find the Ark of the Covenant before Adolf Hitler's Nazis can obtain its awesome powers.
            ",Steven Spielberg,"Harrison Ford, Karen Allen, Paul Freeman",82971,1198
Aliens,1986,2h 17m,"Action, Adventure, Sci-Fi",tt0090605,8.4,"https://m.media-amazon.com/images/M/MV5BZGU2OGY5ZTYtMWNhYy00NjZiLWI0NjUtZmNhY2JhNDRmODU3XkEyXkFqcGdeQXVyNzkwMjQ5NzM@._V1_UX182_CR0,0,182,268_AL__QL50.jpg","
                    Ellen Ripley is rescued by a deep salvage team after being in hypersleep for 57 years. The moon that the Nostromo visited has been colonized, but contact is lost. This time, colonial marines have impressive firepower, but will that be enough?
            ",James Cameron,"Sigourney Weaver, Michael Biehn, Carrie Henn",90605,1200
"Il buono, il brutto, il cattivo",1966,2h 41m,Western,tt0060196,8.9,"https://m.media-amazon.com/images/M/MV5BOTQ5NDI3MTI4MF5BMl5BanBnXkFtZTgwNDQ4ODE5MDE@._V1_UX182_CR0,0,182,268_AL__QL50.jpg","
                    A bounty hunting scam joins two men in an uneasy alliance against a third in a race to find a fortune in gold buried in a remote cemetery.
            ",Sergio Leone,"Clint Eastwood, Eli Wallach, Lee Van Cleef",60196,1201
12 Angry Men,1957,1h 36m,Drama,tt0050083,8.9,"https://m.media-amazon.com/images/M/MV5BMWU4N2FjNzYtNTVkNC00NzQ0LTg0MjAtYTJlMjFhNGUxZDFmXkEyXkFqcGdeQXVyNjc1NTYyMjg@._V1_UX182_CR0,0,182,268_AL__QL50.jpg","
                    A jury holdout attempts to prevent a miscarriage of justice by forcing his colleagues to reconsider the evidence.
            ",Sidney Lumet,"Henry Fonda, Lee J. Cobb, Martin Balsam",50083,1203
Lawrence of Arabia,1962,3h 36m,"Adventure, Biography, Drama",tt0056172,8.3,"https://m.media-amazon.com/images/M/MV5BYWY5ZjhjNGYtZmI2Ny00ODM0LWFkNzgtZmI1YzA2N2MxMzA0XkEyXkFqcGdeQXVyNjUwNzk3NDc@._V1_UY268_CR2,0,182,268_AL__QL50.jpg","
                    The story of T.E. Lawrence, the English officer who successfully united and led the diverse, often warring, Arab tribes during World War I in order to fight the Turks.
            ",David Lean,"Peter O'Toole, Alec Guinness, Anthony Quinn",56172,1204
A Clockwork Orange,1971,2h 16m,"Crime, Drama, Sci-Fi",tt0066921,8.3,"https://m.media-amazon.com/images/M/MV5BMTY3MjM1Mzc4N15BMl5BanBnXkFtZTgwODM0NzAxMDE@._V1_UX182_CR0,0,182,268_AL__QL50.jpg","
                    In the future, a sadistic gang leader is imprisoned and volunteers for a conduct-aversion experiment, but it doesn't go as planned.
            ",Stanley Kubrick,"Malcolm McDowell, Patrick Magee, Michael Bates",66921,1206
To Kill a Mockingbird,1962,2h 9m,"Crime, Drama",tt0056592,8.3,"https://m.media-amazon.com/images/M/MV5BNmVmYzcwNzMtMWM1NS00MWIyLThlMDEtYzUwZDgzODE1NmE2XkEyXkFqcGdeQXVyNzkwMjQ5NzM@._V1_UX182_CR0,0,182,268_AL__QL50.jpg","
                    Atticus Finch, a lawyer in the Depression-era South, defends a black man against an undeserved rape charge, and his children against prejudice.
            ",Robert Mulligan,"Gregory Peck, John Megna, Frank Overton",56592,1207
Apocalypse Now,1979,2h 27m,"Drama, War",tt0078788,8.5,"https://m.media-amazon.com/images/M/MV5BZTNkZmU0ZWQtZjQzMy00YTNmLWFmN2MtZGNkMmU1OThmMGYwXkEyXkFqcGdeQXVyNzkwMjQ5NzM@._V1_UX182_CR0,0,182,268_AL__QL50.jpg","
                    During the Vietnam War, Captain Willard is sent on a dangerous mission into Cambodia to assassinate a renegade Colonel who has set himself up as a god among a local tribe.
            ",Francis Ford Coppola,"Martin Sheen, Marlon Brando, Robert Duvall",78788,1208
Once Upon a Time in the West,1968,2h 45m,Western,tt0064116,8.5,"https://m.media-amazon.com/images/M/MV5BZGI5MjBmYzYtMzJhZi00NGI1LTk3MzItYjBjMzcxM2U3MDdiXkEyXkFqcGdeQXVyNzkwMjQ5NzM@._V1_UX182_CR0,0,182,268_AL__QL50.jpg","
                    A mysterious stranger with a harmonica joins forces with a notorious desperado to protect a beautiful widow from a ruthless assassin working for the railroad.
            ",Sergio Leone,"Henry Fonda, Charles Bronson, Claudia Cardinale",64116,1209
Star Wars: Episode VI - Return of the Jedi,1983,2h 11m,"Action, Adventure, Fantasy",tt0086190,8.3,"https://m.media-amazon.com/images/M/MV5BOWZlMjFiYzgtMTUzNC00Y2IzLTk1NTMtZmNhMTczNTk0ODk1XkEyXkFqcGdeQXVyNTAyODkwOQ@@._V1_UX182_CR0,0,182,268_AL__QL50.jpg","
                    After a daring mission to rescue Han Solo from Jabba the Hutt, the rebels dispatch to Endor to destroy a more powerful Death Star. Meanwhile, Luke struggles to help Darth Vader back from the dark side without falling into the Emperor's trap.
            ",Richard Marquand,"Mark Hamill, Harrison Ford, Carrie Fisher",86190,1210
The Third Man,1949,1h 44m,"Film-Noir, Mystery, Thriller",tt0041959,8.2,"https://m.media-amazon.com/images/M/MV5BYjE2OTdhMWUtOGJlMy00ZDViLWIzZjgtYjZkZGZmMDZjYmEyXkEyXkFqcGdeQXVyNzkwMjQ5NzM@._V1_UX182_CR0,0,182,268_AL__QL50.jpg","
                    Pulp novelist Holly Martins travels to shadowy, postwar Vienna, only to find himself investigating the mysterious death of an old friend, Harry Lime.
            ",Carol Reed,"Orson Welles, Joseph Cotten, Alida Valli",41959,1212
Goodfellas,1990,2h 26m,"Crime, Drama",tt0099685,8.7,"https://m.media-amazon.com/images/M/MV5BY2NkZjEzMDgtN2RjYy00YzM1LWI4ZmQtMjIwYjFjNmI3ZGEwXkEyXkFqcGdeQXVyNzkwMjQ5NzM@._V1_UX182_CR0,0,182,268_AL__QL50.jpg","
                    The story of Henry Hill and his life in the mob, covering his relationship with his wife Karen Hill and his mob partners Jimmy Conway and Tommy DeVito in the Italian-American crime syndicate.
            ",Martin Scorsese,"Robert De Niro, Ray Liotta, Joe Pesci",99685,1213
Alien,1979,1h 56m,"Horror, Sci-Fi",tt0078748,8.5,"https://m.media-amazon.com/images/M/MV5BMmQ2MmU3NzktZjAxOC00ZDZhLTk4YzEtMDMyMzcxY2IwMDAyXkEyXkFqcGdeQXVyNzkwMjQ5NzM@._V1_UX182_CR0,0,182,268_AL__QL50.jpg","
                    After a space merchant vessel perceives an unknown transmission as a distress call, its landing on the source moon finds one of the crew attacked by a mysterious lifeform, and they soon realize that its life cycle has merely begun.
            ",Ridley Scott,"Sigourney Weaver, Tom Skerritt, John Hurt",78748,1214
Ran,1985,2h 42m,"Action, Drama",tt0089881,8.2,"https://m.media-amazon.com/images/M/MV5BZDBjZTM4ZmEtOTA5ZC00NTQzLTkyNzYtMmUxNGU2YjI5YjU5L2ltYWdlXkEyXkFqcGdeQXVyNTAyODkwOQ@@._V1_UY268_CR3,0,182,268_AL__QL50.jpg","
                    In Medieval Japan, an elderly warlord retires, handing over his empire to his three sons. However, he vastly underestimates how the new-found power will corrupt them and cause them to turn on each other...and him.
            ",Akira Kurosawa,"Tatsuya Nakadai, Akira Terao, Jinpachi Nezu",89881,1217
Psycho,1960,1h 49m,"Horror, Mystery, Thriller",tt0054215,8.5,"https://m.media-amazon.com/images/M/MV5BNTQwNDM1YzItNDAxZC00NWY2LTk0M2UtNDIwNWI5OGUyNWUxXkEyXkFqcGdeQXVyNzkwMjQ5NzM@._V1_UX182_CR0,0,182,268_AL__QL50.jpg","
                    A Phoenix secretary embezzles forty thousand dollars from her employer's client, goes on the run, and checks into a remote motel run by a young man under the domination of his mother.
            ",Alfred Hitchcock,"Anthony Perkins, Janet Leigh, Vera Miles",54215,1219
The Godfather: Part II,1974,3h 22m,"Crime, Drama",tt0071562,9.0,"https://m.media-amazon.com/images/M/MV5BMWMwMGQzZTItY2JlNC00OWZiLWIyMDctNDk2ZDQ2YjRjMWQ0XkEyXkFqcGdeQXVyNzkwMjQ5NzM@._V1_UY268_CR3,0,182,268_AL__QL50.jpg","
                    The early life and career of Vito Corleone in 1920s New York City is portrayed, while his son, Michael, expands and tightens his grip on the family crime syndicate.
            ",Francis Ford Coppola,"Al Pacino, Robert De Niro, Robert Duvall",71562,1221
Full Metal Jacket,1987,1h 56m,"Drama, War",tt0093058,8.3,"https://m.media-amazon.com/images/M/MV5BNzkxODk0NjEtYjc4Mi00ZDI0LTgyYjEtYzc1NDkxY2YzYTgyXkEyXkFqcGdeQXVyNzkwMjQ5NzM@._V1_UX182_CR0,0,182,268_AL__QL50.jpg","
                    A pragmatic U.S. Marine observes the dehumanizing effects the Vietnam War has on his fellow recruits from their brutal boot camp training to the bloody street fighting in Hue.
            ",Stanley Kubrick,"Matthew Modine, R. Lee Ermey, Vincent D'Onofrio",93058,1222
Amadeus,1984,2h 40m,"Biography, Drama, History",tt0086879,8.3,"https://m.media-amazon.com/images/M/MV5BMTg5NDkwMTk5N15BMl5BanBnXkFtZTYwODg3MDk2._V1_UX182_CR0,0,182,268_AL__QL50.jpg","
                    The life, success and troubles of Wolfgang Amadeus Mozart, as told by Antonio Salieri, the contemporary composer who was insanely jealous of Mozart's talent and claimed to have murdered him.
            ",Milos Forman,"F. Murray Abraham, Tom Hulce, Elizabeth Berridge",86879,1225
Once Upon a Time in America,1984,3h 49m,"Crime, Drama",tt0087843,8.4,"https://m.media-amazon.com/images/M/MV5BMGFkNWI4MTMtNGQ0OC00MWVmLTk3MTktOGYxN2Y2YWVkZWE2XkEyXkFqcGdeQXVyNjU0OTQ0OTY@._V1_UX182_CR0,0,182,268_AL__QL50.jpg","
                    A former Prohibition-era Jewish gangster returns to the Lower East Side of Manhattan over thirty years later, where he once again must confront the ghosts and regrets of his old life.
            ",Sergio Leone,"Robert De Niro, James Woods, Elizabeth McGovern",87843,1227
Raging Bull,1980,2h 9m,"Biography, Drama, Sport",tt0081398,8.2,"https://m.media-amazon.com/images/M/MV5BYjRmODkzNDItMTNhNi00YjJlLTg0ZjAtODlhZTM0YzgzYThlXkEyXkFqcGdeQXVyNzQ1ODk3MTQ@._V1_UX182_CR0,0,182,268_AL__QL50.jpg","
                    The life of boxer Jake LaMotta, as the violence and temper that leads him to the top in the ring destroys his life outside of it.
            ",Martin Scorsese,"Robert De Niro, Cathy Moriarty, Joe Pesci",81398,1228
Stalker,1979,2h 42m,"Drama, Sci-Fi",tt0079944,8.1,"https://m.media-amazon.com/images/M/MV5BMjM2YWM5NmQtZTA1Yi00OGUzLTllNTQtMDJiZTcwYTlhZjkyL2ltYWdlL2ltYWdlXkEyXkFqcGdeQXVyNjU0OTQ0OTY@._V1_UX182_CR0,0,182,268_AL__QL50.jpg","
                    A guide leads two men through an area known as the Zone to find a room that grants wishes.
            ",Andrei Tarkovsky,"Alisa Freyndlikh, Aleksandr Kaydanovskiy, Anatoliy Solonitsyn",79944,1232
Das Boot,1981,2h 29m,"Adventure, Drama, Thriller",tt0082096,8.4,"https://m.media-amazon.com/images/M/MV5BNGRmOWY0MGUtNTVhMy00NzRlLTljNDAtNTBiNTRlODgxNmY2XkEyXkFqcGdeQXVyNjc1NTYyMjg@._V1_UY268_CR4,0,182,268_AL__QL50.jpg","
                    The claustrophobic world of a WWII German U-boat; boredom, filth and sheer terror.
            ",Wolfgang Petersen,"Jürgen Prochnow, Herbert Grönemeyer, Klaus Wennemann",82096,1233
The Sting,1973,2h 9m,"Comedy, Crime, Drama",tt0070735,8.3,"https://m.media-amazon.com/images/M/MV5BZWNmODRmOTAtYTJhYi00NjllLTg3MTktNTBmZDZiNjJjZWVjXkEyXkFqcGdeQXVyNTc1NTQxODI@._V1_UX182_CR0,0,182,268_AL__QL50.jpg","
                    Two grifters team up to pull off the ultimate con.
            ",George Roy Hill,"Paul Newman, Robert Redford, Robert Shaw",70735,1234
Det sjunde inseglet,1957,1h 36m,"Drama, Fantasy",tt0050976,8.2,"https://m.media-amazon.com/images/M/MV5BN2Q0MzM1MWItNzhhOS00MDc2LTlkNDUtNDIwNDAxNTA0NWY0XkEyXkFqcGdeQXVyNzkwMjQ5NzM@._V1_UY268_CR5,0,182,268_AL__QL50.jpg","
                    A man seeks answers about life, death, and the existence of God as he plays chess against the Grim Reaper during the Black Plague.
            ",Ingmar Bergman,"Max von Sydow, Gunnar Björnstrand, Bengt Ekerot",50976,1237
The Terminator,1984,1h 47m,"Action, Sci-Fi",tt0088247,8.0,"https://m.media-amazon.com/images/M/MV5BYTViNzMxZjEtZGEwNy00MDNiLWIzNGQtZDY2MjQ1OWViZjFmXkEyXkFqcGdeQXVyNzkwMjQ5NzM@._V1_UX182_CR0,0,182,268_AL__QL50.jpg","
                    A seemingly indestructible android is sent from 2029 to 1984 to assassinate a waitress, whose unborn son will lead humanity in a war against the machines, while a soldier from that war is sent to protect her at all costs.
            ",James Cameron,"Arnold Schwarzenegger, Linda Hamilton, Michael Biehn",88247,1240
Dead Poets Society,1989,2h 8m,"Comedy, Drama",tt0097165,8.1,"https://m.media-amazon.com/images/M/MV5BOGYwYWNjMzgtNGU4ZC00NWQ2LWEwZjUtMzE1Zjc3NjY3YTU1XkEyXkFqcGdeQXVyMTQxNzMzNDI@._V1_UX182_CR0,0,182,268_AL__QL50.jpg","
                    English teacher John Keating inspires his students to look at poetry with a different perspective of authentic knowledge and feelings.
            ",Peter Weir,"Robin Williams, Robert Sean Leonard, Ethan Hawke",97165,1246
The Bridge on the River Kwai,1957,2h 41m,"Adventure, Drama, War",tt0050212,8.2,"https://m.media-amazon.com/images/M/MV5BMGVhNjhjODktODgxYS00MDdhLTlkZjktYTkyNzQxMTU0ZDYxXkEyXkFqcGdeQXVyNzkwMjQ5NzM@._V1_UX182_CR0,0,182,268_AL__QL50.jpg","
                    After settling his differences with a Japanese P.O.W. camp commander, a British Colonel co-operates to oversee his men's construction of a railway bridge for their captors, while oblivious to a plan by the Allies to destroy it.
            ",David Lean,"William Holden, Alec Guinness, Jack Hawkins",50212,1250
Chinatown,1974,2h 10m,"Drama, Mystery, Thriller",tt0071315,8.2,"https://m.media-amazon.com/images/M/MV5BOGMwYmY5ZmEtMzY1Yi00OWJiLTk1Y2MtMzI2MjBhYmZkNTQ0XkEyXkFqcGdeQXVyNzkwMjQ5NzM@._V1_UX182_CR0,0,182,268_AL__QL50.jpg","
                    A private detective hired to expose an adulterer finds himself caught up in a web of deceit, corruption, and murder.
            ",Roman Polanski,"Jack Nicholson, Faye Dunaway, John Huston",71315,1252
The Treasure of the Sierra Madre,1948,2h 6m,"Adventure, Drama, Western",tt0040897,8.2,"https://m.media-amazon.com/images/M/MV5BOTJlZWMxYzEtMjlkMS00ODE0LThlM2ItMDI3NGQ2YjhmMzkxXkEyXkFqcGdeQXVyMDI2NDg0NQ@@._V1_UX182_CR0,0,182,268_AL__QL50.jpg","
                    Fred Dobbs and Bob Curtin, two Americans searching for work in Mexico, convince an old prospector to help them mine for gold in the Sierra Madre Mountains.
            ",John Huston,"Humphrey Bogart, Walter Huston, Tim Holt",40897,1254
The Shining,1980,2h 26m,"Drama, Horror",tt0081505,8.4,"https://m.media-amazon.com/images/M/MV5BZWFlYmY2MGEtZjVkYS00YzU4LTg0YjQtYzY1ZGE3NTA5NGQxXkEyXkFqcGdeQXVyMTQxNzMzNDI@._V1_UX182_CR0,0,182,268_AL__QL50.jpg","
                    A family heads to an isolated hotel for the winter where an evil spiritual presence influences the father into violence, while his psychic son sees horrific forebodings from both past and future.
            ",Stanley Kubrick,"Jack Nicholson, Shelley Duvall, Danny Lloyd",81505,1258
Stand by Me,1986,1h 29m,"Adventure, Drama",tt0092005,8.1,"https://m.media-amazon.com/images/M/MV5BODJmY2Y2OGQtMDg2My00N2Q3LWJmZTUtYTc2ODBjZDVlNDlhXkEyXkFqcGdeQXVyMTQxNzMzNDI@._V1_UX182_CR0,0,182,268_AL__QL50.jpg","
                    After the death of a friend, a writer recounts a boyhood journey to find the body of a missing boy.
            ",Rob Reiner,"Wil Wheaton, River Phoenix, Corey Feldman",92005,1259
M - Eine Stadt sucht einen Mörder,1931,1h 57m,"Crime, Mystery, Thriller",tt0022100,8.3,"https://m.media-amazon.com/images/M/MV5BODA4ODk3OTEzMF5BMl5BanBnXkFtZTgwMTQ2ODMwMzE@._V1_UX182_CR0,0,182,268_AL__QL50.jpg","
                    When the police in a German city are unable to catch a child-murderer, other criminals join in the manhunt.
            ",Fritz Lang,"Peter Lorre, Ellen Widmann, Inge Landgut",22100,1260
The Great Escape,1963,2h 52m,"Adventure, Drama, History",tt0057115,8.2,"https://m.media-amazon.com/images/M/MV5BNzA2NmYxMWUtNzBlMC00MWM2LTkwNmQtYTFlZjQwODNhOWE0XkEyXkFqcGdeQXVyNTIzOTk5ODM@._V1_UX182_CR0,0,182,268_AL__QL50.jpg","
                    Allied prisoners of war plan for several hundred of their number to escape from a German camp during World War II.
            ",John Sturges,"Steve McQueen, James Garner, Richard Attenborough",57115,1262
The Deer Hunter,1978,3h 3m,"Drama, War",tt0077416,8.1,"https://m.media-amazon.com/images/M/MV5BNDhmNTA0ZDMtYjhkNS00NzEzLWIzYTItOGNkMTVmYjE2YmI3XkEyXkFqcGdeQXVyNzkwMjQ5NzM@._V1_UX182_CR0,0,182,268_AL__QL50.jpg","
                    An in-depth examination of the ways in which the U.S. Vietnam War impacts and disrupts the lives of people in a small industrial town in Pennsylvania.
            ",Michael Cimino,"Robert De Niro, Christopher Walken, John Cazale",77416,1263
Groundhog Day,1993,1h 41m,"Comedy, Fantasy, Romance",tt0107048,8.0,"https://m.media-amazon.com/images/M/MV5BZWIxNzM5YzQtY2FmMS00Yjc3LWI1ZjUtNGVjMjMzZTIxZTIxXkEyXkFqcGdeQXVyNjU0OTQ0OTY@._V1_UX182_CR0,0,182,268_AL__QL50.jpg","
                    A weatherman finds himself inexplicably living the same day over and over again.
            ",Harold Ramis,"Bill Murray, Andie MacDowell, Chris Elliott",107048,1265
Unforgiven,1992,2h 10m,"Drama, Western",tt0105695,8.2,"https://m.media-amazon.com/images/M/MV5BODM3YWY4NmQtN2Y3Ni00OTg0LWFhZGQtZWE3ZWY4MTJlOWU4XkEyXkFqcGdeQXVyNjU0OTQ0OTY@._V1_UX182_CR0,0,182,268_AL__QL50.jpg","
                    Retired Old West gunslinger William Munny reluctantly takes on one last job, with the help of his old partner and a young man.
            ",Clint Eastwood,"Clint Eastwood, Gene Hackman, Morgan Freeman",105695,1266
Back to the Future,1985,1h 56m,"Adventure, Comedy, Sci-Fi",tt0088763,8.5,"https://m.media-amazon.com/images/M/MV5BZmU0M2Y1OGUtZjIxNi00ZjBkLTg1MjgtOWIyNThiZWIwYjRiXkEyXkFqcGdeQXVyMTQxNzMzNDI@._V1_UX182_CR0,0,182,268_AL__QL50.jpg","
                    Marty McFly, a 17-year-old high school student, is accidentally sent thirty years into the past in a time-traveling DeLorean invented by his close friend, the maverick scientist Doc Brown.
            ",Robert Zemeckis,"Michael J. Fox, Christopher Lloyd, Lea Thompson",88763,1270
Cool Hand Luke,1967,2h 6m,"Crime, Drama",tt0061512,8.1,"https://m.media-amazon.com/images/M/MV5BOWFlNzZhYmYtYTI5YS00MDQyLWIyNTUtNTRjMWUwNTEzNjA0XkEyXkFqcGdeQXVyNjUwNzk3NDc@._V1_UX182_CR0,0,182,268_AL__QL50.jpg","
                    A laid back Southern man is sentenced to two years in a rural prison, but refuses to conform.
            ",Stuart Rosenberg,"Paul Newman, George Kennedy, Strother Martin",61512,1276
The Great Dictator,1940,2h 5m,"Comedy, Drama, War",tt0032553,8.5,"https://m.media-amazon.com/images/M/MV5BMmExYWJjNTktNGUyZS00ODhmLTkxYzAtNWIzOGEyMGNiMmUwXkEyXkFqcGdeQXVyNjU0OTQ0OTY@._V1_UX182_CR0,0,182,268_AL__QL50.jpg","
                    Dictator Adenoid Hynkel tries to expand his empire while a poor Jewish barber tries to avoid persecution from Hynkel's regime.
            ",Charles Chaplin,"Charles Chaplin, Paulette Goddard, Jack Oakie",32553,1281
Ben-Hur,1959,3h 32m,"Adventure, Drama, History",tt0052618,8.1,"https://m.media-amazon.com/images/M/MV5BNjgxY2JiZDYtZmMwOC00ZmJjLWJmODUtMTNmNWNmYWI5ODkwL2ltYWdlL2ltYWdlXkEyXkFqcGdeQXVyNjc1NTYyMjg@._V1_UX182_CR0,0,182,268_AL__QL50.jpg","
                    When a Jewish prince is betrayed and sent into slavery by a Roman friend, he regains his freedom and comes back for revenge.
            ",William Wyler,"Charlton Heston, Jack Hawkins, Stephen Boyd",52618,1287
Indiana Jones and the Last Crusade,1989,2h 7m,"Action, Adventure, Fantasy",tt0097576,8.2,"https://m.media-amazon.com/images/M/MV5BMjNkMzc2N2QtNjVlNS00ZTk5LTg0MTgtODY2MDAwNTMwZjBjXkEyXkFqcGdeQXVyNDk3NzU2MTQ@._V1_UX182_CR0,0,182,268_AL__QL50.jpg","
                    In 1938, after his father Professor Henry Jones, Sr. goes missing while pursuing the Holy Grail, Indiana Jones finds himself up against Adolf Hitler's Nazis again to stop them obtaining its powers.
            ",Steven Spielberg,"Harrison Ford, Sean Connery, Alison Doody",97576,1291
Gandhi,1982,3h 11m,"Biography, Drama, History",tt0083987,8.1,"https://m.media-amazon.com/images/M/MV5BMzJiZDRmOWUtYjE2MS00Mjc1LTg1ZDYtNTQxYWJkZTg1OTM4XkEyXkFqcGdeQXVyNjUwNzk3NDc@._V1_UX182_CR0,0,182,268_AL__QL50.jpg","
                    Gandhi's character is fully explained as a man of nonviolence. Through his patience, he is able to drive the British out of the subcontinent. And the stubborn nature of Jinnah and his commitment towards Pakistan is portrayed.
            ",Richard Attenborough,"Ben Kingsley, John Gielgud, Rohini Hattangadi",83987,1293
Butch Cassidy and the Sundance Kid,1969,1h 50m,"Biography, Crime, Drama",tt0064115,8.1,"https://m.media-amazon.com/images/M/MV5BMTkyMTM2NDk5Nl5BMl5BanBnXkFtZTgwNzY1NzEyMDE@._V1_UX182_CR0,0,182,268_AL__QL50.jpg","
                    Wyoming, early 1900s. Butch Cassidy and The Sundance Kid are the leaders of a band of outlaws. After a train robbery goes wrong they find themselves on the run with a posse hard on their heels. Their solution - escape to Bolivia.
            ",George Roy Hill,"Paul Newman, Robert Redford, Katharine Ross",64115,1304
"Paris, Texas",1984,2h 25m,Drama,tt0087884,8.1,"https://m.media-amazon.com/images/M/MV5BM2RjMmU3ZWItYzBlMy00ZmJkLWE5YzgtNTVkODdhOWM3NGZhXkEyXkFqcGdeQXVyNDA5Mjg5MjA@._V1_UX182_CR0,0,182,268_AL__QL50.jpg","
                    Travis Henderson, an aimless drifter who has been missing for four years, wanders out of the desert and must reconnect with society, himself, his life, and his family.
            ",Wim Wenders,"Harry Dean Stanton, Nastassja Kinski, Dean Stockwell",87884,1305
Jaws,1975,2h 4m,"Adventure, Drama, Thriller",tt0073195,8.0,"https://m.media-amazon.com/images/M/MV5BMmVmODY1MzEtYTMwZC00MzNhLWFkNDMtZjAwM2EwODUxZTA5XkEyXkFqcGdeQXVyNTAyODkwOQ@@._V1_UX182_CR0,0,182,268_AL__QL50.jpg","
                    When a killer shark unleashes chaos on a beach resort, it's up to a local sheriff, a marine biologist, and an old seafarer to hunt the beast down.
            ",Steven Spielberg,"Roy Scheider, Robert Shaw, Richard Dreyfuss",73195,1387
L.A. Confidential,1997,2h 18m,"Crime, Drama, Mystery",tt0119488,8.3,"https://m.media-amazon.com/images/M/MV5BMDQ2YzEyZGItYWRhOS00MjBmLTkzMDUtMTdjYzkyMmQxZTJlXkEyXkFqcGdeQXVyNjU0OTQ0OTY@._V1_UY268_CR0,0,182,268_AL__QL50.jpg","
                    As corruption grows in 1950s Los Angeles, three policemen -- one strait-laced, one brutal, and one sleazy -- investigate a series of murders with their own brand of justice.
            ",Curtis Hanson,"Kevin Spacey, Russell Crowe, Guy Pearce",119488,1617
The Truman Show,1998,1h 43m,"Comedy, Drama, Sci-Fi",tt0120382,8.1,"https://m.media-amazon.com/images/M/MV5BMDIzODcyY2EtMmY2MC00ZWVlLTgwMzAtMjQwOWUyNmJjNTYyXkEyXkFqcGdeQXVyNDk3NzU2MTQ@._V1_UX182_CR0,0,182,268_AL__QL50.jpg","
                    An insurance salesman discovers his whole life is actually a reality TV show.
            ",Peter Weir,"Jim Carrey, Ed Harris, Laura Linney",120382,1682
Good Will Hunting,1997,2h 6m,"Drama, Romance",tt0119217,8.3,"https://m.media-amazon.com/images/M/MV5BOTI0MzcxMTYtZDVkMy00NjY1LTgyMTYtZmUxN2M3NmQ2NWJhXkEyXkFqcGdeQXVyMTQxNzMzNDI@._V1_UX182_CR0,0,182,268_AL__QL50.jpg","
                    Will Hunting, a janitor at M.I.T., has a gift for mathematics, but needs help from a psychologist to find direction in his life.
            ",Gus Van Sant,"Robin Williams, Matt Damon, Ben Affleck",119217,1704
The Big Lebowski,1998,1h 57m,"Comedy, Crime",tt0118715,8.1,"https://m.media-amazon.com/images/M/MV5BMTQ0NjUzMDMyOF5BMl5BanBnXkFtZTgwODA1OTU0MDE@._V1_UX182_CR0,0,182,268_AL__QL50.jpg","
                    Jeff ""The Dude"" Lebowski, mistaken for a millionaire of the same name, seeks restitution for his ruined rug and enlists his bowling buddies to help get it.
            ",Joel Coen,"Jeff Bridges, John Goodman, Julianne Moore",118715,1732
Bacheha-Ye aseman,1997,1h 29m,"Drama, Family",tt0118849,8.3,"https://m.media-amazon.com/images/M/MV5BZTYwZWQ4ZTQtZWU0MS00N2YwLWEzMDItZWFkZWY0MWVjODVhXkEyXkFqcGdeQXVyNjU0OTQ0OTY@._V1_UX182_CR0,0,182,268_AL__QL50.jpg","
                    After a boy loses his sister's pair of shoes, he goes on a series of adventures in order to find them. When he can't, he tries a new way to ""win"" a new pair.
            ",Majid Majidi,"Mohammad Amir Naji, Amir Farrokh Hashemian, Bahare Seddiqi",118849,1900
The Best Years of Our Lives,1946,2h 50m,"Drama, Romance, War",tt0036868,8.1,"https://m.media-amazon.com/images/M/MV5BY2RmNTRjYzctODI4Ni00MzQyLWEyNTAtNjU0N2JkMTNhNjJkXkEyXkFqcGdeQXVyNjU0OTQ0OTY@._V1_UX182_CR0,0,182,268_AL__QL50.jpg","
                    Three World War II veterans return home to small-town America to discover that they and their families have been irreparably changed.
            ",William Wyler,"Myrna Loy, Dana Andrews, Fredric March",36868,1939
On the Waterfront,1954,1h 48m,"Crime, Drama, Thriller",tt0047296,8.2,"https://m.media-amazon.com/images/M/MV5BY2I0MWFiZDMtNWQyYy00Njk5LTk3MDktZjZjNTNmZmVkYjkxXkEyXkFqcGdeQXVyNjc1NTYyMjg@._V1_UX182_CR0,0,182,268_AL__QL50.jpg","
                    An ex-prize fighter turned longshoreman struggles to stand up to his corrupt union bosses.
            ",Elia Kazan,"Marlon Brando, Karl Malden, Lee J. Cobb",47296,1945
Rocky,1976,2h   ,"Drama, Sport",tt0075148,8.1,"https://m.media-amazon.com/images/M/MV5BMTY5MDMzODUyOF5BMl5BanBnXkFtZTcwMTQ3NTMyNA@@._V1_UX182_CR0,0,182,268_AL__QL50.jpg","
                    A small-time boxer gets a supremely rare chance to fight a heavy-weight champion in a bout in which he strives to go the distance for his self-respect.
            ",John G. Avildsen,"Sylvester Stallone, Talia Shire, Burt Young",75148,1954
Metropolis,1927,2h 33m,"Drama, Sci-Fi",tt0017136,8.3,"https://m.media-amazon.com/images/M/MV5BMTg5YWIyMWUtZDY5My00Zjc1LTljOTctYmI0MWRmY2M2NmRkXkEyXkFqcGdeQXVyMTMxODk2OTU@._V1_UX182_CR0,0,182,268_AL__QL50.jpg","
                    In a futuristic city sharply divided between the working class and the city planners, the son of the city's mastermind falls in love with a working class prophet who predicts the coming of a savior to mediate their differences.
            ",Fritz Lang,"Brigitte Helm, Alfred Abel, Gustav Fröhlich",17136,2010
Shichinin no samurai,1954,3h 27m,"Adventure, Drama",tt0047478,8.7,"https://m.media-amazon.com/images/M/MV5BMTRjZTc3NjItMDJiMC00MTNmLTlkYjEtN2ZiZWU4YmI1OGI4XkEyXkFqcGdeQXVyNzkwMjQ5NzM@._V1_UY268_CR4,0,182,268_AL__QL50.jpg","
                    A poor village under attack by bandits recruits seven unemployed samurai to help them defend themselves.
            ",Akira Kurosawa,"Toshirô Mifune, Takashi Shimura, Keiko Tsushima",47478,2019
Saving Private Ryan,1998,2h 49m,"Drama, War",tt0120815,8.6,"https://m.media-amazon.com/images/M/MV5BZjhkMDM4MWItZTVjOC00ZDRhLThmYTAtM2I5NzBmNmNlMzI1XkEyXkFqcGdeQXVyNDYyMDk5MTU@._V1_UY268_CR0,0,182,268_AL__QL50.jpg","
                    Following the Normandy Landings, a group of U.S. soldiers go behind enemy lines to retrieve a paratrooper whose brothers have been killed in action.
            ",Steven Spielberg,"Tom Hanks, Matt Damon, Tom Sizemore",120815,2028
Fanny och Alexander,1982,3h 8m,Drama,tt0083922,8.1,"https://m.media-amazon.com/images/M/MV5BZmQzMDE5ZWQtOTU3ZS00ZjdhLWI0OTctZDNkODk4YThmOTRhL2ltYWdlXkEyXkFqcGdeQXVyNjc1NTYyMjg@._V1_UX182_CR0,0,182,268_AL__QL50.jpg","
                    Two young Swedish children experience the many comedies and tragedies of their family, the Ekdahls.
            ",Ingmar Bergman,"Bertil Guve, Pernilla Allwin, Kristina Adolphson",83922,2068
The Thing,1982,1h 49m,"Horror, Mystery, Sci-Fi",tt0084787,8.1,"https://m.media-amazon.com/images/M/MV5BNDcyZmFjY2YtN2I1OC00MzU3LWIzZGEtZDA5N2VlNDJjYWI3L2ltYWdlXkEyXkFqcGdeQXVyNTAyODkwOQ@@._V1_UX182_CR0,0,182,268_AL__QL50.jpg","
                    A research team in Antarctica is hunted by a shape-shifting alien that assumes the appearance of its victims.
            ",John Carpenter,"Kurt Russell, Wilford Brimley, Keith David",84787,2288
The Elephant Man,1980,2h 4m,"Biography, Drama",tt0080678,8.2,"https://m.media-amazon.com/images/M/MV5BMDVjNjIwOGItNDE3Ny00OThjLWE0NzQtZTU3YjMzZTZjMzhkXkEyXkFqcGdeQXVyMTQxNzMzNDI@._V1_UX182_CR0,0,182,268_AL__QL50.jpg","
                    A Victorian surgeon rescues a heavily disfigured man who is mistreated while scraping a living as a side-show freak. Behind his monstrous façade, there is revealed a person of intelligence and sensitivity.
            ",David Lynch,"Anthony Hopkins, John Hurt, Anne Bancroft",80678,2313
La vita è bella,1997,1h 56m,"Comedy, Drama, Romance",tt0118799,8.6,"https://m.media-amazon.com/images/M/MV5BYmJmM2Q4NmMtYThmNC00ZjRlLWEyZmItZTIwOTBlZDQ3NTQ1XkEyXkFqcGdeQXVyMTQxNzMzNDI@._V1_UX182_CR0,0,182,268_AL__QL50.jpg","
                    When an open-minded Jewish librarian and his son become victims of the Holocaust, he uses a perfect mixture of will, humor, and imagination to protect his son from the dangers around their camp.
            ",Roberto Benigni,"Roberto Benigni, Nicoletta Braschi, Giorgio Cantarini",118799,2324
American History X,1998,1h 59m,Drama,tt0120586,8.5,"https://m.media-amazon.com/images/M/MV5BZjA0MTM4MTQtNzY5MC00NzY3LWI1ZTgtYzcxMjkyMzU4MDZiXkEyXkFqcGdeQXVyNDYyMDk5MTU@._V1_UX182_CR0,0,182,268_AL__QL50.jpg","
                    A former neo-nazi skinhead tries to prevent his younger brother from going down the same wrong path that he did.
            ",Tony Kaye,"Edward Norton, Edward Furlong, Beverly D'Angelo",120586,2329
Le notti di Cabiria,1957,1h 50m,Drama,tt0050783,8.1,"https://m.media-amazon.com/images/M/MV5BZjllMDcyY2YtZDc5Zi00NDRlLThkZmItMTJhOWZmYjM0NmQyXkEyXkFqcGdeQXVyNTc1NDM0NDU@._V1_UY268_CR2,0,182,268_AL__QL50.jpg","
                    A waifish prostitute wanders the streets of Rome looking for true love but finds only heartbreak.
            ",Federico Fellini,"Giulietta Masina, François Périer, Franca Marzi",50783,2351
"Lock, Stock and Two Smoking Barrels",1998,1h 47m,"Comedy, Crime",tt0120735,8.2,"https://m.media-amazon.com/images/M/MV5BMTAyN2JmZmEtNjAyMy00NzYwLThmY2MtYWQ3OGNhNjExMmM4XkEyXkFqcGdeQXVyNDk3NzU2MTQ@._V1_UX182_CR0,0,182,268_AL__QL50.jpg","
                    A botched card game in London triggers four friends, thugs, weed-growers, hard gangsters, loan sharks and debt collectors to collide with each other in a series of unexpected events, all for the sake of weed, cash and two antique shotguns.
            ",Guy Ritchie,"Jason Flemyng, Dexter Fletcher, Nick Moran",120735,2542
The Matrix,1999,2h 16m,"Action, Sci-Fi",tt0133093,8.7,"https://m.media-amazon.com/images/M/MV5BNzQzOTk3OTAtNDQ0Zi00ZTVkLWI0MTEtMDllZjNkYzNjNTc4L2ltYWdlXkEyXkFqcGdeQXVyNjU0OTQ0OTY@._V1_UX182_CR0,0,182,268_AL__QL50.jpg","
                    A computer hacker learns from mysterious rebels about the true nature of his reality and his role in the war against its controllers.
            ",Lana Wachowski,"Keanu Reeves, Laurence Fishburne, Carrie-Anne Moss",133093,2571
Barry Lyndon,1975,3h 5m,"Adventure, Drama, History",tt0072684,8.1,"https://m.media-amazon.com/images/M/MV5BNmY0MWY2NDctZDdmMi00MjA1LTk0ZTQtZDMyZTQ1NTNlYzVjXkEyXkFqcGdeQXVyMjUzOTY1NTc@._V1_UX182_CR0,0,182,268_AL__QL50.jpg","
                    An Irish rogue wins the heart of a rich widow and assumes her dead husband's aristocratic position in 18th-century England.
            ",Stanley Kubrick,"Ryan O'Neal, Marisa Berenson, Patrick Magee",72684,2730
Les quatre cents coups,1959,1h 39m,"Crime, Drama",tt0053198,8.1,"https://m.media-amazon.com/images/M/MV5BYTQ4MjA4NmYtYjRhNi00MTEwLTg0NjgtNjk3ODJlZGU4NjRkL2ltYWdlL2ltYWdlXkEyXkFqcGdeQXVyNjU0OTQ0OTY@._V1_UY268_CR10,0,182,268_AL__QL50.jpg","
                    A young boy, left without attention, delves into a life of petty crime.
            ",François Truffaut,"Jean-Pierre Léaud, Albert Rémy, Claire Maurier",53198,2731
The Sixth Sense,1999,1h 47m,"Drama, Mystery, Thriller",tt0167404,8.1,"https://m.media-amazon.com/images/M/MV5BMWM4NTFhYjctNzUyNi00NGMwLTk3NTYtMDIyNTZmMzRlYmQyXkEyXkFqcGdeQXVyMTAwMzUyOTc@._V1_UX182_CR0,0,182,268_AL__QL50.jpg","
                    A boy who communicates with spirits seeks the help of a disheartened child psychologist.
            ",M. Night Shyamalan,"Bruce Willis, Haley Joel Osment, Toni Collette",167404,2762
American Beauty,1999,2h 2m,Drama,tt0169547,8.4,"https://m.media-amazon.com/images/M/MV5BNTBmZWJkNjctNDhiNC00MGE2LWEwOTctZTk5OGVhMWMyNmVhXkEyXkFqcGdeQXVyMTMxODk2OTU@._V1_UX182_CR0,0,182,268_AL__QL50.jpg","
                    A sexually frustrated suburban father has a mid-life crisis after becoming infatuated with his daughter's best friend.
            ",Sam Mendes,"Kevin Spacey, Annette Bening, Thora Birch",169547,2858
Fight Club,1999,2h 19m,Drama,tt0137523,8.8,"https://m.media-amazon.com/images/M/MV5BMjJmYTNkNmItYjYyZC00MGUxLWJhNWMtZDY4Nzc1MDAwMzU5XkEyXkFqcGdeQXVyNzkwMjQ5NzM@._V1_UX182_CR0,0,182,268_AL__QL50.jpg","
                    An insomniac office worker and a devil-may-care soapmaker form an underground fight club that evolves into something much, much more.
            ",David Fincher,"Brad Pitt, Edward Norton, Meat Loaf",137523,2959
Mononoke-hime,1997,2h 14m,"Animation, Adventure, Fantasy",tt0119698,8.4,"https://m.media-amazon.com/images/M/MV5BMTVlNWM4NTAtNDQxYi00YWU5LWIwM2MtZmVjYWFmODZiODE5XkEyXkFqcGdeQXVyNjU0OTQ0OTY@._V1_UY268_CR4,0,182,268_AL__QL50.jpg","
                    On a journey to find the cure for a Tatarigami's curse, Ashitaka finds himself in the middle of a war between the forest gods and Tatara, a mining colony. In this quest he also meets San, the Mononoke Hime.
            ",Hayao Miyazaki,"Yôji Matsuda, Yuriko Ishida, Yûko Tanaka",119698,3000
The General,1926,1h 7m,"Action, Adventure, Comedy",tt0017925,8.2,"https://m.media-amazon.com/images/M/MV5BYmRiMDFlYjYtOTMwYy00OGY2LWE0Y2QtYzQxOGNhZmUwNTIxXkEyXkFqcGdeQXVyNzkwMjQ5NzM@._V1_UX182_CR0,0,182,268_AL__QL50.jpg","
                    When Union spies steal an engineer's beloved locomotive, he pursues it single-handedly and straight through enemy lines.
            ",Clyde Bruckman,"Buster Keaton, Marion Mack, Glen Cavender",17925,3022
Yôjinbô,1961,1h 50m,"Action, Drama, Thriller",tt0055630,8.3,"https://m.media-amazon.com/images/M/MV5BZThiZjAzZjgtNDU3MC00YThhLThjYWUtZGRkYjc2ZWZlOTVjXkEyXkFqcGdeQXVyNTA4NzY1MzY@._V1_UX182_CR0,0,182,268_AL__QL50.jpg","
                    A crafty ronin comes to a town divided by two criminal gangs and decides to play them against each other to free the town.
            ",Akira Kurosawa,"Toshirô Mifune, Eijirô Tôno, Tatsuya Nakadai",55630,3030
Ladri di biciclette,1948,1h 29m,Drama,tt0040522,8.3,"https://m.media-amazon.com/images/M/MV5BNmI1ODdjODctMDlmMC00ZWViLWI5MzYtYzRhNDdjYmM3MzFjXkEyXkFqcGdeQXVyMTMxODk2OTU@._V1_UY268_CR2,0,182,268_AL__QL50.jpg","
                    In post-war Italy, a working-class man's bicycle is stolen. He and his son set out to find it.
            ",Vittorio De Sica,"Lamberto Maggiorani, Enzo Staiola, Lianella Carell",40522,3089
The Grapes of Wrath,1940,2h 9m,"Drama, History",tt0032551,8.1,"https://m.media-amazon.com/images/M/MV5BNzJiOGI2MjctYjUyMS00ZjkzLWE2ZmUtOTg4NTZkOTNhZDc1L2ltYWdlXkEyXkFqcGdeQXVyNjc1NTYyMjg@._V1_UX182_CR0,0,182,268_AL__QL50.jpg","
                    A poor Midwest family is forced off their land. They travel to California, suffering the misfortunes of the homeless in the Great Depression.
            ",John Ford,"Henry Fonda, Jane Darwell, John Carradine",32551,3095
The Green Mile,1999,3h 9m,"Crime, Drama, Fantasy",tt0120689,8.5,"https://m.media-amazon.com/images/M/MV5BMTUxMzQyNjA5MF5BMl5BanBnXkFtZTYwOTU2NTY3._V1_UX182_CR0,0,182,268_AL__QL50.jpg","
                    The lives of guards on Death Row are affected by one of their charges: a black man accused of child murder and rape, yet who has a mysterious gift.
            ",Frank Darabont,"Tom Hanks, Michael Clarke Duncan, David Morse",120689,3147
City Lights,1931,1h 27m,"Comedy, Drama, Romance",tt0021749,8.5,"https://m.media-amazon.com/images/M/MV5BY2I4MmM1N2EtM2YzOS00OWUzLTkzYzctNDc5NDg2N2IyODJmXkEyXkFqcGdeQXVyNzkwMjQ5NzM@._V1_UX182_CR0,0,182,268_AL__QL50.jpg","
                    With the aid of a wealthy erratic tippler, a dewy-eyed tramp who has fallen in love with a sightless flower girl accumulates money to be able to help her medically.
            ",Charles Chaplin,"Charles Chaplin, Virginia Cherrill, Florence Lee",21749,3307
The Kid,1921,1h 8m,"Comedy, Drama, Family",tt0012349,8.3,"https://m.media-amazon.com/images/M/MV5BZjhhMThhNDItNTY2MC00MmU1LTliNDEtNDdhZjdlNTY5ZDQ1XkEyXkFqcGdeQXVyNjc1NTYyMjg@._V1_UX182_CR0,0,182,268_AL__QL50.jpg","
                    The Tramp cares for an abandoned child, but events put that relationship in jeopardy.
            ",Charles Chaplin,"Charles Chaplin, Edna Purviance, Jackie Coogan",12349,3310
Double Indemnity,1944,1h 47m,"Crime, Drama, Film-Noir",tt0036775,8.3,"https://m.media-amazon.com/images/M/MV5BOGZiZjFiMWItN2NkZC00MjEwLTk4YzEtNTMwOTlmOGM3ZGJkXkEyXkFqcGdeQXVyMzAxNjg3MjQ@._V1_UX182_CR0,0,182,268_AL__QL50.jpg","
                    An insurance representative lets himself be talked into a murder/insurance fraud scheme that arouses the suspicion of an insurance investigator.
            ",Billy Wilder,"Fred MacMurray, Barbara Stanwyck, Edward G. Robinson",36775,3435
Modern Times,1936,1h 27m,"Comedy, Drama, Family",tt0027977,8.5,"https://m.media-amazon.com/images/M/MV5BYjJiZjMzYzktNjU0NS00OTkxLWEwYzItYzdhYWJjN2QzMTRlL2ltYWdlL2ltYWdlXkEyXkFqcGdeQXVyNjU0OTQ0OTY@._V1_UX182_CR0,0,182,268_AL__QL50.jpg","
                    The Tramp struggles to live in modern industrial society with the help of a young homeless woman.
            ",Charles Chaplin,"Charles Chaplin, Paulette Goddard, Henry Bergman",27977,3462
Network,1976,2h 1m,Drama,tt0074958,8.1,"https://m.media-amazon.com/images/M/MV5BNmFiOWY3ZTktOTYwNy00ZTUzLTk0ODQtNzIxMzQ0ZDFjMTgyXkEyXkFqcGdeQXVyNTc1NTQxODI@._V1_UX182_CR0,0,182,268_AL__QL50.jpg","
                    A television network cynically exploits a deranged former anchor's ravings and revelations about the news media for its own profit.
            ",Sidney Lumet,"Faye Dunaway, William Holden, Peter Finch",74958,3504
Gladiator,2000,2h 35m,"Action, Adventure, Drama",tt0172495,8.5,"https://m.media-amazon.com/images/M/MV5BMDliMmNhNDEtODUyOS00MjNlLTgxODEtN2U3NzIxMGVkZTA1L2ltYWdlXkEyXkFqcGdeQXVyNjU0OTQ0OTY@._V1_UX182_CR0,0,182,268_AL__QL50.jpg","
                    A former Roman General sets out to exact vengeance against the corrupt emperor who murdered his family and sent him into slavery.
            ",Ridley Scott,"Russell Crowe, Joaquin Phoenix, Connie Nielsen",172495,3578
The Gold Rush,1925,1h 35m,"Adventure, Comedy, Drama",tt0015864,8.2,"https://m.media-amazon.com/images/M/MV5BZjEyOTE4MzMtNmMzMy00Mzc3LWJlOTQtOGJiNDE0ZmJiOTU4L2ltYWdlXkEyXkFqcGdeQXVyNTAyODkwOQ@@._V1_UY268_CR7,0,182,268_AL__QL50.jpg","
                    A prospector goes to the Klondike in search of gold and finds it and more.
            ",Charles Chaplin,"Charles Chaplin, Mack Swain, Tom Murray",15864,3629
Per qualche dollaro in più,1965,2h 12m,Western,tt0059578,8.3,"https://m.media-amazon.com/images/M/MV5BNWM1NmYyM2ItMTFhNy00NDU0LThlYWUtYjQyYTJmOTY0ZmM0XkEyXkFqcGdeQXVyNjU0OTQ0OTY@._V1_UX182_CR0,0,182,268_AL__QL50.jpg","
                    Two bounty hunters with the same intentions team up to track down a Western outlaw.
            ",Sergio Leone,"Clint Eastwood, Lee Van Cleef, Gian Maria Volontè",59578,3681
Requiem for a Dream,2000,1h 42m,Drama,tt0180093,8.3,"https://m.media-amazon.com/images/M/MV5BOTdiNzJlOWUtNWMwNS00NmFlLWI0YTEtZmI3YjIzZWUyY2Y3XkEyXkFqcGdeQXVyNjU0OTQ0OTY@._V1_UX182_CR0,0,182,268_AL__QL50.jpg","
                    The drug-induced utopias of four Coney Island people are shattered when their addictions run deep.
            ",Darren Aronofsky,"Ellen Burstyn, Jared Leto, Jennifer Connelly",180093,3949
Snatch,2000,1h 44m,"Comedy, Crime",tt0208092,8.3,"https://m.media-amazon.com/images/M/MV5BMTA2NDYxOGYtYjU1Mi00Y2QzLTgxMTQtMWI1MGI0ZGQ5MmU4XkEyXkFqcGdeQXVyNDk3NzU2MTQ@._V1_UY268_CR0,0,182,268_AL__QL50.jpg","
                    Unscrupulous boxing promoters, violent bookmakers, a Russian gangster, incompetent amateur robbers and supposedly Jewish jewelers fight to track down a priceless stolen diamond.
            ",Guy Ritchie,"Jason Statham, Brad Pitt, Benicio Del Toro",208092,4011
Faa yeung nin wa,2000,1h 38m,"Drama, Romance",tt0118694,8.1,"https://m.media-amazon.com/images/M/MV5BYjVhMTE3YzEtOGEwYS00NjFmLWFjYzAtMGVjNjY3YWY4OTJhL2ltYWdlXkEyXkFqcGdeQXVyNjU0OTQ0OTY@._V1_UX182_CR0,0,182,268_AL__QL50.jpg","
                    Two neighbors, a woman and a man, form a strong bond after both suspect extramarital activities of their spouses. However, they agree to keep their bond platonic so as not to commit similar wrongs.
            ",Kar-Wai Wong,"Tony Chiu-Wai Leung, Maggie Cheung, Ping Lam Siu",118694,4144
Memento,2000,1h 53m,"Mystery, Thriller",tt0209144,8.5,"https://m.media-amazon.com/images/M/MV5BZTcyNjk1MjgtOWI3Mi00YzQwLWI5MTktMzY4ZmI2NDAyNzYzXkEyXkFqcGdeQXVyNjU0OTQ0OTY@._V1_UY268_CR0,0,182,268_AL__QL50.jpg","
                    A man with short-term memory loss attempts to track down his wife's murderer.
            ",Christopher Nolan,"Guy Pearce, Carrie-Anne Moss, Joe Pantoliano",209144,4226
Amores perros,2000,2h 34m,"Drama, Thriller",tt0245712,8.1,"https://m.media-amazon.com/images/M/MV5BMWJhOTg5MWQtYTJjMi00YmFkLTg4ODgtYmU2YWVhODQ4ZDM3XkEyXkFqcGdeQXVyMTAwMzUyOTc@._V1_UX182_CR0,0,182,268_AL__QL50.jpg","
                    A horrific car accident connects three stories, each involving characters dealing with loss, regret, and life's harsh realities, all in the name of love.
            ",Alejandro G. Iñárritu,"Emilio Echevarría, Gael García Bernal, Goya Toledo",245712,4235
Scarface,1983,2h 50m,"Crime, Drama",tt0086250,8.3,"https://m.media-amazon.com/images/M/MV5BNjdjNGQ4NDEtNTEwYS00MTgxLTliYzQtYzE2ZDRiZjFhZmNlXkEyXkFqcGdeQXVyNjU0OTQ0OTY@._V1_UX182_CR0,0,182,268_AL__QL50.jpg","
                    In Miami in 1980, a determined Cuban immigrant takes over a drug cartel and succumbs to greed.
            ",Brian De Palma,"Al Pacino, Michelle Pfeiffer, Steven Bauer",86250,4262
Donnie Darko,2001,1h 53m,"Drama, Sci-Fi, Thriller",tt0246578,8.1,"https://m.media-amazon.com/images/M/MV5BZjZlZDlkYTktMmU1My00ZDBiLWFlNjEtYTBhNjVhOTM4ZjJjXkEyXkFqcGdeQXVyMTMxODk2OTU@._V1_UX182_CR0,0,182,268_AL__QL50.jpg","
                    A troubled teenager is plagued by visions of a man in a large rabbit suit who manipulates him to commit a series of crimes, after he narrowly escapes a bizarre accident.
            ",Richard Kelly,"Jake Gyllenhaal, Jena Malone, Mary McDonnell",246578,4878
"Monsters, Inc.",2001,1h 32m,"Animation, Adventure, Comedy",tt0198781,8.1,"https://m.media-amazon.com/images/M/MV5BMTY1NTI0ODUyOF5BMl5BanBnXkFtZTgwNTEyNjQ0MDE@._V1_UX182_CR0,0,182,268_AL__QL50.jpg","
                    In order to power the city, monsters have to scare children so that they scream. However, the children are toxic to the monsters, and after a child gets through, 2 monsters realize things may not be what they think.
            ",Pete Docter,"Billy Crystal, John Goodman, Mary Gibbs",198781,4886
Amélie,2001,2h 2m,"Comedy, Romance",tt0211915,8.3,"https://m.media-amazon.com/images/M/MV5BNDg4NjM1YjMtYmNhZC00MjM0LWFiZmYtNGY1YjA3MzZmODc5XkEyXkFqcGdeQXVyNDk3NzU2MTQ@._V1_UX182_CR0,0,182,268_AL__QL50.jpg","
                    Amélie is an innocent and naive girl in Paris with her own sense of justice. She decides to help those around her and, along the way, discovers love.
            ",Jean-Pierre Jeunet,"Audrey Tautou, Mathieu Kassovitz, Rufus",211915,4973
The Lord of the Rings: The Fellowship of the Ring,2001,2h 58m,"Adventure, Drama, Fantasy",tt0120737,8.8,"https://m.media-amazon.com/images/M/MV5BN2EyZjM3NzUtNWUzMi00MTgxLWI0NTctMzY4M2VlOTdjZWRiXkEyXkFqcGdeQXVyNDUzOTQ5MjY@._V1_UX182_CR0,0,182,268_AL__QL50.jpg","
                    A meek Hobbit from the Shire and eight companions set out on a journey to destroy the powerful One Ring and save Middle-earth from the Dark Lord Sauron.
            ",Peter Jackson,"Elijah Wood, Ian McKellen, Orlando Bloom",120737,4993
A Beautiful Mind,2001,2h 15m,"Biography, Drama",tt0268978,8.2,"https://m.media-amazon.com/images/M/MV5BMzcwYWFkYzktZjAzNC00OGY1LWI4YTgtNzc5MzVjMDVmNjY0XkEyXkFqcGdeQXVyMTQxNzMzNDI@._V1_UX182_CR0,0,182,268_AL__QL50.jpg","
                    After John Nash, a brilliant but asocial mathematician, accepts secret work in cryptography, his life takes a turn for the nightmarish.
            ",Ron Howard,"Russell Crowe, Ed Harris, Jennifer Connelly",268978,4995
Witness for the Prosecution,1957,1h 56m,"Crime, Drama, Mystery",tt0051201,8.4,"https://m.media-amazon.com/images/M/MV5BZjEwMmE5MzYtYWExYy00ZjEzLTk4MjUtMmJmNzgxY2MxN2U1XkEyXkFqcGdeQXVyMTg2NTc4MzA@._V1_UY268_CR12,0,182,268_AL__QL50.jpg","
                    A veteran British barrister must defend his client in a murder trial that has surprise after surprise.
            ",Billy Wilder,"Tyrone Power, Marlene Dietrich, Charles Laughton",51201,5008
Smultronstället,1957,1h 31m,"Drama, Romance",tt0050986,8.2,"https://m.media-amazon.com/images/M/MV5BM2NiYjhmMzctMzliMC00NDBlLWJkYzItZjIwYjYzNDg3OGQzXkEyXkFqcGdeQXVyMzAxNjg3MjQ@._V1_UX182_CR0,0,182,268_AL__QL50.jpg","
                    After living a life marked by coldness, an aging professor is forced to confront the emptiness of his existence.
            ",Ingmar Bergman,"Victor Sjöström, Bibi Andersson, Ingrid Thulin",50986,5147
Rashômon,1950,1h 28m,"Crime, Drama, Mystery",tt0042876,8.3,"https://m.media-amazon.com/images/M/MV5BMTk1MDU5MjQ5NF5BMl5BanBnXkFtZTgwMDM2OTE4MzE@._V1_UY268_CR3,0,182,268_AL__QL50.jpg","
                    The rape of a bride and the murder of her samurai husband are recalled from the perspectives of a bandit, the bride, the samurai's ghost and a woodcutter.
            ",Akira Kurosawa,"Toshirô Mifune, Machiko Kyô, Masayuki Mori",42876,5291
Sen to Chihiro no kamikakushi,2001,2h 5m,"Animation, Adventure, Family",tt0245429,8.6,"https://m.media-amazon.com/images/M/MV5BOGJjNzZmMmUtMjljNC00ZjU5LWJiODQtZmEzZTU0MjBlNzgxL2ltYWdlXkEyXkFqcGdeQXVyNTAyODkwOQ@@._V1_UX182_CR0,0,182,268_AL__QL50.jpg","
                    During her family's move to the suburbs, a sullen 10-year-old girl wanders into a world ruled by gods, witches, and spirits, and where humans are changed into beasts.
            ",Hayao Miyazaki,"Daveigh Chase, Suzanne Pleshette, Miyu Irino",245429,5618
Hotaru no haka,1988,1h 29m,"Animation, Drama, War",tt0095327,8.5,"https://m.media-amazon.com/images/M/MV5BZjEwNDVhZjMtYzA1MS00ZWUxLThjOGUtZTliNGZiNGYyMjA3XkEyXkFqcGdeQXVyNjU0OTQ0OTY@._V1_UY268_CR4,0,182,268_AL__QL50.jpg","
                    A young boy and his little sister struggle to survive in Japan during World War II.
            ",Isao Takahata,"Tsutomu Tatsumi, Ayano Shiraishi, Akemi Yamaguchi",95327,5690
The Lord of the Rings: The Two Towers,2002,2h 59m,"Adventure, Drama, Fantasy",tt0167261,8.7,"https://m.media-amazon.com/images/M/MV5BNGE5MzIyNTAtNWFlMC00NDA2LWJiMjItMjc4Yjg1OWM5NzhhXkEyXkFqcGdeQXVyNzkwMjQ5NzM@._V1_UY268_CR0,0,182,268_AL__QL50.jpg","
                    While Frodo and Sam edge closer to Mordor with the help of the shifty Gollum, the divided fellowship makes a stand against Sauron's new ally, Saruman, and his hordes of Isengard.
            ",Peter Jackson,"Elijah Wood, Ian McKellen, Viggo Mortensen",167261,5952
Tonari no Totoro,1988,1h 26m,"Animation, Family, Fantasy",tt0096283,8.2,"https://m.media-amazon.com/images/M/MV5BYmY0NWJiMmUtMzUyZi00YTAzLWE3OWEtYjc4MmM0ZWUyOWFmXkEyXkFqcGdeQXVyNTAyODkwOQ@@._V1_UY268_CR4,0,182,268_AL__QL50.jpg","
                    When two girls move to the country to be near their ailing mother, they have adventures with the wondrous forest spirits who live nearby.
            ",Hayao Miyazaki,"Hitoshi Takagi, Noriko Hidaka, Chika Sakamoto",96283,5971
Catch Me If You Can,2002,2h 21m,"Biography, Crime, Drama",tt0264464,8.1,"https://m.media-amazon.com/images/M/MV5BMTY5MzYzNjc5NV5BMl5BanBnXkFtZTYwNTUyNTc2._V1_UX182_CR0,0,182,268_AL__QL50.jpg","
                    A seasoned FBI agent pursues Frank Abagnale Jr. who, before his 19th birthday, successfully forged millions of dollars' worth of checks while posing as a Pan Am pilot, a doctor, and a legal prosecutor.
            ",Steven Spielberg,"Leonardo DiCaprio, Tom Hanks, Christopher Walken",264464,5989
The Pianist,2002,2h 30m,"Biography, Drama, Music",tt0253474,8.5,"https://m.media-amazon.com/images/M/MV5BOWRiZDIxZjktMTA1NC00MDQ2LWEzMjUtMTliZmY3NjQ3ODJiXkEyXkFqcGdeQXVyNjU0OTQ0OTY@._V1_UY268_CR6,0,182,268_AL__QL50.jpg","
                    A Polish Jewish musician struggles to survive the destruction of the Warsaw ghetto of World War II.
            ",Roman Polanski,"Adrien Brody, Thomas Kretschmann, Frank Finlay",253474,5995
Cidade de Deus,2002,2h 10m,"Crime, Drama",tt0317248,8.6,"https://m.media-amazon.com/images/M/MV5BMGU5OWEwZDItNmNkMC00NzZmLTk1YTctNzVhZTJjM2NlZTVmXkEyXkFqcGdeQXVyMTMxODk2OTU@._V1_UX182_CR0,0,182,268_AL__QL50.jpg","
                    In the slums of Rio, two kids' paths diverge as one struggles to become a photographer and the other a kingpin.
            ",Fernando Meirelles,"Alexandre Rodrigues, Leandro Firmino, Matheus Nachtergaele",317248,6016
Tenkû no shiro Rapyuta,1986,2h 5m,"Animation, Adventure, Drama",tt0092067,8.1,"https://m.media-amazon.com/images/M/MV5BNTg0NmI1ZGQtZTUxNC00NTgxLThjMDUtZmRlYmEzM2MwOWYwXkEyXkFqcGdeQXVyMzM4MjM0Nzg@._V1_UY268_CR2,0,182,268_AL__QL50.jpg","
                    A young boy and a girl with a magic crystal must race against pirates and foreign agents in a search for a legendary floating castle.
            ",Hayao Miyazaki,"Anna Paquin, James Van Der Beek, Cloris Leachman",92067,6350
Finding Nemo,2003,1h 40m,"Animation, Adventure, Comedy",tt0266543,8.1,"https://m.media-amazon.com/images/M/MV5BZjMxYzBiNjUtZDliNC00MDAyLTg3N2QtOWNjNmNhZGQzNDg5XkEyXkFqcGdeQXVyNjE2MjQwNjc@._V1_UY268_CR1,0,182,268_AL__QL50.jpg","
                    After his son is captured in the Great Barrier Reef and taken to Sydney, a timid clownfish sets out on a journey to bring him home.
            ",Andrew Stanton,"Albert Brooks, Ellen DeGeneres, Alexander Gould",266543,6377
Pirates of the Caribbean: The Curse of the Black Pearl,2003,2h 23m,"Action, Adventure, Fantasy",tt0325980,8.0,"https://m.media-amazon.com/images/M/MV5BNGYyZGM5MGMtYTY2Ni00M2Y1LWIzNjQtYWUzM2VlNGVhMDNhXkEyXkFqcGdeQXVyMTMxODk2OTU@._V1_UX182_CR0,0,182,268_AL__QL50.jpg","
                    Blacksmith Will Turner teams up with eccentric pirate ""Captain"" Jack Sparrow to save his love, the governor's daughter, from Jack's former pirate allies, who are now undead.
            ",Gore Verbinski,"Johnny Depp, Geoffrey Rush, Orlando Bloom",325980,6539
Tôkyô monogatari,1953,2h 16m,Drama,tt0046438,8.2,"https://m.media-amazon.com/images/M/MV5BYWQ4ZTRiODktNjAzZC00Nzg1LTk1YWQtNDFmNDI0NmZiNGIwXkEyXkFqcGdeQXVyNzkwMjQ5NzM@._V1_UY268_CR2,0,182,268_AL__QL50.jpg","
                    An old couple visit their children and grandchildren in the city; but the children have little time for them.
            ",Yasujirô Ozu,"Chishû Ryû, Chieko Higashiyama, Sô Yamamura",46438,6643
Ikiru,1952,2h 23m,Drama,tt0044741,8.3,"https://m.media-amazon.com/images/M/MV5BMTliYThjNGEtYTRiMy00MWMzLTgyNzEtYTU3NTU3M2YwMTNjXkEyXkFqcGdeQXVyMjgyNjk3MzE@._V1_UY268_CR4,0,182,268_AL__QL50.jpg","
                    A bureaucrat tries to find a meaning in his life after he discovers he has terminal cancer.
            ",Akira Kurosawa,"Takashi Shimura, Nobuo Kaneko, Shin'ichi Himori",44741,6669
Paper Moon,1973,1h 42m,"Comedy, Drama",tt0070510,8.1,"https://m.media-amazon.com/images/M/MV5BOWVmYzQwY2MtOTBjNi00MDNhLWI5OGMtN2RiMDYxODI3MjU5XkEyXkFqcGdeQXVyMjUzOTY1NTc@._V1_UX182_CR0,0,182,268_AL__QL50.jpg","
                    During the Great Depression, a con man finds himself saddled with a young girl who may or may not be his daughter, and the two forge an unlikely partnership.
            ",Peter Bogdanovich,"Ryan O'Neal, Tatum O'Neal, Madeline Kahn",70510,6724
Judgment at Nuremberg,1961,3h 6m,"Drama, War",tt0055031,8.2,"https://m.media-amazon.com/images/M/MV5BZDZjMTIwZTQtNTM3OS00OTUyLWI5MTMtOTNjYWVkNzhjMWIxXkEyXkFqcGdeQXVyNTc1NTQxODI@._V1_UX182_CR0,0,182,268_AL__QL50.jpg","
                    In 1948, an American court in occupied Germany tries four Nazi judges for war crimes.
            ",Stanley Kramer,"Spencer Tracy, Burt Lancaster, Richard Widmark",55031,6777
Idi i smotri,1985,2h 22m,"Drama, War",tt0091251,8.2,"https://m.media-amazon.com/images/M/MV5BODM4Njg0NTAtYjI5Ny00ZjAxLTkwNmItZTMxMWU5M2U3M2RjXkEyXkFqcGdeQXVyNzkwMjQ5NzM@._V1_UX182_CR0,0,182,268_AL__QL50.jpg","
                    After finding an old rifle, a young boy joins the Soviet resistance movement against ruthless German forces and experiences the horrors of World War II.
            ",Elem Klimov,"Aleksey Kravchenko, Olga Mironova, Liubomiras Laucevicius",91251,6818
Kill Bill: Vol. 1,2003,1h 51m,"Action, Crime, Thriller",tt0266697,8.1,"https://m.media-amazon.com/images/M/MV5BNzM3NDFhYTAtYmU5Mi00NGRmLTljYjgtMDkyODQ4MjNkMGY2XkEyXkFqcGdeQXVyNzkwMjQ5NzM@._V1_UX182_CR0,0,182,268_AL__QL50.jpg","
                    After awakening from a four-year coma, a former assassin wreaks vengeance on the team of assassins who betrayed her.
            ",Quentin Tarantino,"Uma Thurman, David Carradine, Daryl Hannah",266697,6874
La passion de Jeanne d'Arc,1928,1h 50m,"Biography, Drama, History",tt0019254,8.2,"https://m.media-amazon.com/images/M/MV5BNjBjNDJiYTUtOWY0OS00OGVmLTg2YzctMTE0NzVhODM1ZWJmXkEyXkFqcGdeQXVyNjU0OTQ0OTY@._V1_UX182_CR0,0,182,268_AL__QL50.jpg","
                    In 1431, Jeanne d'Arc is placed on trial on charges of heresy. The ecclesiastical jurists attempt to force Jeanne to recant her claims of holy visions.
            ",Carl Theodor Dreyer,"Maria Falconetti, Eugene Silvain, André Berley",19254,6985
Kaze no tani no Naushika,1984,1h 57m,"Animation, Adventure, Fantasy",tt0087544,8.1,"https://m.media-amazon.com/images/M/MV5BODJiNmUzYmQtZTNhNS00NjY0LThmYjMtOTliOTM1NTdkYzY1XkEyXkFqcGdeQXVyNjU0OTQ0OTY@._V1_UY268_CR3,0,182,268_AL__QL50.jpg","
                    Warrior and pacifist Princess Nausicaä desperately struggles to prevent two warring nations from destroying themselves and their dying planet.
            ",Hayao Miyazaki,"Sumi Shimamoto, Mahito Tsujimura, Hisako Kyôda",87544,7099
Les diaboliques,1955,1h 57m,"Crime, Drama, Horror",tt0046911,8.1,"https://m.media-amazon.com/images/M/MV5BMGJmNmU5OTAtOTQyYy00MmM3LTk4MzUtMGFiZDYzODdmMmU4XkEyXkFqcGdeQXVyNjU0OTQ0OTY@._V1_UY268_CR9,0,182,268_AL__QL50.jpg","
                    The wife and mistress of a loathed school principal hatch a plan to murder him while having the perfect alibi. They carry out the plan...but then his body disappears.
            ",Henri-Georges Clouzot,"Simone Signoret, Véra Clouzot, Paul Meurisse",46911,7116
The Lord of the Rings: The Return of the King,2003,3h 21m,"Adventure, Drama, Fantasy",tt0167260,8.9,"https://m.media-amazon.com/images/M/MV5BNzA5ZDNlZWMtM2NhNS00NDJjLTk4NDItYTRmY2EwMWZlMTY3XkEyXkFqcGdeQXVyNzkwMjQ5NzM@._V1_UX182_CR0,0,182,268_AL__QL50.jpg","
                    Gandalf and Aragorn lead the World of Men against Sauron's army to draw his gaze from Frodo and Sam as they approach Mount Doom with the One Ring.
            ",Peter Jackson,"Elijah Wood, Viggo Mortensen, Ian McKellen",167260,7153
Persona,1966,1h 25m,"Drama, Thriller",tt0060827,8.1,"https://m.media-amazon.com/images/M/MV5BMTM0YzExY2EtMjUyZi00ZmIwLWFkYTktNjY5NmVkYTdkMjI5XkEyXkFqcGdeQXVyNzQxNDExNTU@._V1_UY268_CR2,0,182,268_AL__QL50.jpg","
                    A nurse is put in charge of a mute actress and finds that their personae are melding together.
            ",Ingmar Bergman,"Bibi Andersson, Liv Ullmann, Margaretha Krook",60827,7327
Eternal Sunshine of the Spotless Mind,2004,1h 48m,"Drama, Romance, Sci-Fi",tt0338013,8.3,"https://m.media-amazon.com/images/M/MV5BMTY4NzcwODg3Nl5BMl5BanBnXkFtZTcwNTEwOTMyMw@@._V1_UX182_CR0,0,182,268_AL__QL50.jpg","
                    When their relationship turns sour, a couple undergoes a medical procedure to have each other erased from their memories.
            ",Michel Gondry,"Jim Carrey, Kate Winslet, Tom Wilkinson",338013,7361
Le salaire de la peur,1953,2h 11m,"Adventure, Drama, Thriller",tt0046268,8.1,"https://m.media-amazon.com/images/M/MV5BZDdkNzMwZmUtY2Q5MS00ZmM2LWJhYjItYTBjMWY0MGM4MDRjXkEyXkFqcGdeQXVyNTA4NzY1MzY@._V1_UY268_CR1,0,182,268_AL__QL50.jpg","
                    In a decrepit South American village, four men are hired to transport an urgent nitroglycerine shipment without the equipment that would make it safe.
            ",Henri-Georges Clouzot,"Yves Montand, Charles Vanel, Peter van Eyck",46268,7700
Sunrise: A Song of Two Humans,1927,1h 34m,"Drama, Romance",tt0018455,8.2,"https://m.media-amazon.com/images/M/MV5BNDVkYmYwM2ItNzRiMy00NWQ4LTlhMjMtNDI1ZDYyOGVmMzJjXkEyXkFqcGdeQXVyNTgzMzU5MDI@._V1_UX182_CR0,0,182,268_AL__QL50.jpg","
                    An allegorical tale about a man fighting the good and evil within him. Both sides are made flesh - one a sophisticated woman he is attracted to and the other his wife.
            ",F.W. Murnau,"George O'Brien, Janet Gaynor, Margaret Livingston",18455,8125
Before Sunset,2004,1h 20m,"Drama, Romance",tt0381681,8.1,"https://m.media-amazon.com/images/M/MV5BMTQ1MjAwNTM5Ml5BMl5BanBnXkFtZTYwNDM0MTc3._V1_UX182_CR0,0,182,268_AL__QL50.jpg","
                    Nine years after Jesse and Celine first met, they encounter each other again on the French leg of Jesse's book tour.
            ",Richard Linklater,"Ethan Hawke, Julie Delpy, Vernon Dobtcheff",381681,8638
Sherlock Jr.,1924,45m,"Action, Comedy, Romance",tt0015324,8.2,"https://m.media-amazon.com/images/M/MV5BZWFhOGU5NDctY2Q3YS00Y2VlLWI1NzEtZmIwY2ZiZjY4OTA2XkEyXkFqcGdeQXVyMDI2NDg0NQ@@._V1_UX182_CR0,0,182,268_AL__QL50.jpg","
                    A film projectionist longs to be a detective, and puts his meagre skills to work when he is framed by a rival for stealing his girlfriend's father's pocketwatch.
            ",Buster Keaton,"Buster Keaton, Kathryn McGuire, Joe Keaton",15324,25750
Andrei Rublev,1966,3h 25m,"Biography, Drama, History",tt0060107,8.2,"https://m.media-amazon.com/images/M/MV5BMjhkN2Q3MzctNzJiOC00OTc5LWIwOWYtNWRiYWUyMDk0MGZiXkEyXkFqcGdeQXVyNTAyODkwOQ@@._V1_UX182_CR0,0,182,268_AL__QL50.jpg","
                    The life, times and afflictions of the fifteenth-century Russian iconographer.
            ",Andrei Tarkovsky,"Anatoliy Solonitsyn, Ivan Lapikov, Nikolay Grinko",60107,26150
Oldeuboi,2003,1h 41m,"Action, Drama, Mystery",tt0364569,8.4,"https://m.media-amazon.com/images/M/MV5BMTI3NTQyMzU5M15BMl5BanBnXkFtZTcwMTM2MjgyMQ@@._V1_UX182_CR0,0,182,268_AL__QL50.jpg","
                    After being kidnapped and imprisoned for fifteen years, Oh Dae-Su is released, only to find that he must find his captor in five days.
            ",Chan-wook Park,"Min-sik Choi, Ji-tae Yu, Hye-jeong Kang",364569,27773
Million Dollar Baby,2004,2h 12m,"Drama, Sport",tt0405159,8.1,"https://m.media-amazon.com/images/M/MV5BMTkxNzA1NDQxOV5BMl5BanBnXkFtZTcwNTkyMTIzMw@@._V1_UX182_CR0,0,182,268_AL__QL50.jpg","
                    A determined woman works with a hardened boxing trainer to become a professional.
            ",Clint Eastwood,"Hilary Swank, Clint Eastwood, Morgan Freeman",405159,30707
Hotel Rwanda,2004,2h 1m,"Biography, Drama, History",tt0395169,8.1,"https://m.media-amazon.com/images/M/MV5BZGJjYmIzZmQtNWE4Yy00ZGVmLWJkZGEtMzUzNmQ4ZWFlMjRhXkEyXkFqcGdeQXVyMTMxODk2OTU@._V1_UX182_CR0,0,182,268_AL__QL50.jpg","
                    Paul Rusesabagina was a hotel manager who housed over a thousand Tutsi refugees during their struggle against the Hutu militia in Rwanda.
            ",Terry George,"Don Cheadle, Sophie Okonedo, Joaquin Phoenix",395169,30749
Salinui chueok,2003,2h 11m,"Action, Crime, Drama",tt0353969,8.1,"https://m.media-amazon.com/images/M/MV5BZWYyYTk5ODQtNjFjZi00ZDFlLWEwNGEtNGQwZTdmYWRhNmU3L2ltYWdlXkEyXkFqcGdeQXVyNTAyODkwOQ@@._V1_UX182_CR0,0,182,268_AL__QL50.jpg","
                    In a small Korean province in 1986, three detectives struggle with the case of multiple young women being found raped and murdered by an unknown culprit.
            ",Joon-ho Bong,"Kang-ho Song, Sang-kyung Kim, Roe-ha Kim",353969,31364
Der Untergang,2004,2h 36m,"Biography, Drama, History",tt0363163,8.2,"https://m.media-amazon.com/images/M/MV5BZDFmNzI3YmItMTMyMy00YjE1LTliYTgtN2Q4M2QzZDE5MTlhXkEyXkFqcGdeQXVyMTQxNzMzNDI@._V1_UX182_CR0,0,182,268_AL__QL50.jpg","
                    Traudl Junge, the final secretary for Adolf Hitler, tells of the Nazi dictator's final days in his Berlin bunker at the end of WWII.
            ",Oliver Hirschbiegel,"Bruno Ganz, Alexandra Maria Lara, Ulrich Matthes",363163,31410
Hauru no ugoku shiro,2004,1h 59m,"Animation, Adventure, Family",tt0347149,8.2,"https://m.media-amazon.com/images/M/MV5BMjZmNWZmZDMtMjcyZS00NGYwLTlkZmYtZDA0YzAyN2RiNzM0XkEyXkFqcGdeQXVyMzg2MzE2OTE@._V1_UX182_CR0,0,182,268_AL__QL50.jpg","
                    When an unconfident young woman is cursed with an old body by a spiteful witch, her only chance of breaking the spell lies with a self-indulgent yet insecure young wizard and his companions in his legged, walking castle.
            ",Hayao Miyazaki,"Chieko Baishô, Takuya Kimura, Tatsuya Gashûin",347149,31658
Batman Begins,2005,2h 20m,"Action, Adventure, Thriller",tt0372784,8.3,"https://m.media-amazon.com/images/M/MV5BZmUwNGU2ZmItMmRiNC00MjhlLTg5YWUtODMyNzkxODYzMmZlXkEyXkFqcGdeQXVyNTIzOTk5ODM@._V1_UY268_CR9,0,182,268_AL__QL50.jpg","
                    After training with his mentor, Batman begins his fight to free crime-ridden Gotham City from corruption.
            ",Christopher Nolan,"Christian Bale, Michael Caine, Ken Watanabe",372784,33794
V for Vendetta,2005,2h 12m,"Action, Drama, Sci-Fi",tt0434409,8.2,"https://m.media-amazon.com/images/M/MV5BYzllMjJkODAtYjMwMi00YmNhLWFhYzAtZjZjODg5YzEwOGUwXkEyXkFqcGdeQXVyNjU0OTQ0OTY@._V1_UY268_CR0,0,182,268_AL__QL50.jpg","
                    In a future British tyranny, a shadowy freedom fighter, known only by the alias of ""V"", plots to overthrow it with the help of a young woman.
            ",James McTeigue,"Hugo Weaving, Natalie Portman, Rupert Graves",434409,44191
The Lives of Others,2006,2h 17m,"Drama, Thriller",tt0405094,8.4,"https://m.media-amazon.com/images/M/MV5BNDUzNjYwNDYyNl5BMl5BanBnXkFtZTcwNjU3ODQ0MQ@@._V1_UX182_CR0,0,182,268_AL__QL50.jpg","
                    In 1984 East Berlin, an agent of the secret police, conducting surveillance on a writer and his lover, finds himself becoming increasingly absorbed by their lives.
            ",Florian Henckel von Donnersmarck,"Ulrich Mühe, Martina Gedeck, Sebastian Koch",405094,44555
Pan's Labyrinth,2006,1h 58m,"Drama, Fantasy, War",tt0457430,8.2,"https://m.media-amazon.com/images/M/MV5BMTU3ODg2NjQ5NF5BMl5BanBnXkFtZTcwMDEwODgzMQ@@._V1_UY268_CR0,0,182,268_AL__QL50.jpg","
                    In the Falangist Spain of 1944, the bookish young stepdaughter of a sadistic army officer escapes into an eerie but captivating fantasy world.
            ",Guillermo del Toro,"Ivana Baquero, Ariadna Gil, Sergi López",457430,48394
The Departed,2006,2h 31m,"Crime, Drama, Thriller",tt0407887,8.5,"https://m.media-amazon.com/images/M/MV5BMTI1MTY2OTIxNV5BMl5BanBnXkFtZTYwNjQ4NjY3._V1_UX182_CR0,0,182,268_AL__QL50.jpg","
                    An undercover cop and a mole in the police attempt to identify each other while infiltrating an Irish gang in South Boston.
            ",Martin Scorsese,"Leonardo DiCaprio, Matt Damon, Jack Nicholson",407887,48516
The Prestige,2006,2h 10m,"Drama, Mystery, Sci-Fi",tt0482571,8.5,"https://m.media-amazon.com/images/M/MV5BMjA4NDI0MTIxNF5BMl5BanBnXkFtZTYwNTM0MzY2._V1_UX182_CR0,0,182,268_AL__QL50.jpg","
                    After a tragic accident, two stage magicians engage in a battle to create the ultimate illusion while sacrificing everything they have to outwit each other.
            ",Christopher Nolan,"Christian Bale, Hugh Jackman, Scarlett Johansson",482571,48780
Babam ve Oglum,2005,1h 48m,"Drama, Family",tt0476735,8.4,"https://m.media-amazon.com/images/M/MV5BNjAzMzEwYzctNjc1MC00Nzg5LWFmMGItMTgzYmMyNTY2OTQ4XkEyXkFqcGdeQXVyNjU0OTQ0OTY@._V1_UY268_CR2,0,182,268_AL__QL50.jpg","
                    The family of a left-wing journalist is torn apart after a military coup in 1980's Turkey.
            ",Çagan Irmak,"Çetin Tekindor, Fikret Kuskan, Hümeyra",476735,51167
Rang De Basanti,2006,2h 37m,"Comedy, Drama",tt0405508,8.2,"https://m.media-amazon.com/images/M/MV5BM2I3OGU1YmQtNjIyOC00OGYzLWFkOTgtOGIyMDVlNmE2M2VmXkEyXkFqcGdeQXVyODE5NzE3OTE@._V1_UY268_CR3,0,182,268_AL__QL50.jpg","
                    The story of six young Indians who assist an English Woman to film a documentary on the extremist freedom fighters from their past, and the events that lead them to relive the long forgotten saga of freedom.
            ",Rakeysh Omprakash Mehra,"Aamir Khan, Soha Ali Khan, Siddharth",405508,55098
Into the Wild,2007,2h 28m,"Adventure, Biography, Drama",tt0758758,8.1,"https://m.media-amazon.com/images/M/MV5BMTAwNDEyODU1MjheQTJeQWpwZ15BbWU2MDc3NDQwNw@@._V1_UX182_CR0,0,182,268_AL__QL50.jpg","
                    After graduating from Emory University, top student and athlete Christopher McCandless abandons his possessions, gives his entire $24,000 savings account to charity and hitchhikes to Alaska to live in the wilderness. Along the way, Christopher encounters a series of characters that shape his life.
            ",Sean Penn,"Emile Hirsch, Vince Vaughn, Catherine Keener",758758,55247
No Country for Old Men,2007,2h 2m,"Crime, Drama, Thriller",tt0477348,8.1,"https://m.media-amazon.com/images/M/MV5BMjA5Njk3MjM4OV5BMl5BanBnXkFtZTcwMTc5MTE1MQ@@._V1_UY268_CR0,0,182,268_AL__QL50.jpg","
                    Violence and mayhem ensue after a hunter stumbles upon a drug deal gone wrong and more than two million dollars in cash near the Rio Grande.
            ",Ethan Coen,"Tommy Lee Jones, Javier Bardem, Josh Brolin",477348,55820
There Will Be Blood,2007,2h 38m,Drama,tt0469494,8.2,"https://m.media-amazon.com/images/M/MV5BMjAxODQ4MDU5NV5BMl5BanBnXkFtZTcwMDU4MjU1MQ@@._V1_UX182_CR0,0,182,268_AL__QL50.jpg","
                    A story of family, religion, hatred, oil and madness, focusing on a turn-of-the-century prospector in the early days of the business.
            ",Paul Thomas Anderson,"Daniel Day-Lewis, Paul Dano, Ciarán Hinds",469494,56782
Taare Zameen Par,2007,2h 45m,"Drama, Family",tt0986264,8.4,"https://m.media-amazon.com/images/M/MV5BNTVmYTk2NjAtYzY3MS00YjFjLTlkYzktYzg3YzMyZDQyOWRiXkEyXkFqcGdeQXVyNjQ2MjQ5NzM@._V1_UY268_CR2,0,182,268_AL__QL50.jpg","
                    An eight-year-old boy is thought to be a lazy trouble-maker, until the new art teacher has the patience and compassion to discover the real problem behind his struggles in school.
            ",Aamir Khan,"Darsheel Safary, Aamir Khan, Tisca Chopra",986264,57183
The Dark Knight,2008,2h 32m,"Action, Crime, Drama",tt0468569,9.0,"https://m.media-amazon.com/images/M/MV5BMTMxNTMwODM0NF5BMl5BanBnXkFtZTcwODAyMTk2Mw@@._V1_UX182_CR0,0,182,268_AL__QL50.jpg","
                    When the menace known as the Joker emerges from his mysterious past, he wreaks havoc and chaos on the people of Gotham. The Dark Knight must accept one of the greatest psychological and physical tests of his ability to fight injustice.
            ",Christopher Nolan,"Christian Bale, Heath Ledger, Aaron Eckhart",468569,58559
WALL·E,2008,1h 38m,"Animation, Adventure, Family",tt0910970,8.4,"https://m.media-amazon.com/images/M/MV5BMjExMTg5OTU0NF5BMl5BanBnXkFtZTcwMjMxMzMzMw@@._V1_UX182_CR0,0,182,268_AL__QL50.jpg","
                    In the distant future, a small waste-collecting robot inadvertently embarks on a space journey that will ultimately decide the fate of mankind.
            ",Andrew Stanton,"Ben Burtt, Elissa Knight, Jeff Garlin",910970,60069
Eskiya,1996,2h 8m,"Crime, Drama, Thriller",tt0116231,8.3,"https://m.media-amazon.com/images/M/MV5BOGQ4ZjFmYjktOGNkNS00OWYyLWIyZjgtMGJjM2U1ZTA0ZTlhXkEyXkFqcGdeQXVyNTA4NzY1MzY@._V1_UY268_CR4,0,182,268_AL__QL50.jpg","
                    Baran the Bandit, released from prison after 35 years searches for vengeance and his lover.
            ",Yavuz Turgul,"Sener Sen, Ugur Yücel, Sermin Hürmeriç",116231,66302
Inglourious Basterds,2009,2h 33m,"Adventure, Drama, War",tt0361748,8.3,"https://m.media-amazon.com/images/M/MV5BOTJiNDEzOWYtMTVjOC00ZjlmLWE0NGMtZmE1OWVmZDQ2OWJhXkEyXkFqcGdeQXVyNTIzOTk5ODM@._V1_UX182_CR0,0,182,268_AL__QL50.jpg","
                    In Nazi-occupied France during World War II, a plan to assassinate Nazi leaders by a group of Jewish U.S. soldiers coincides with a theatre owner's vengeful plans for the same.
            ",Quentin Tarantino,"Brad Pitt, Diane Kruger, Eli Roth",361748,68157
Mary and Max,2009,1h 32m,"Animation, Comedy, Drama",tt0978762,8.1,"https://m.media-amazon.com/images/M/MV5BMDgzYjQwMDMtNGUzYi00MTRmLWIyMGMtNjE1OGZkNzY2YWIzL2ltYWdlXkEyXkFqcGdeQXVyNjU0OTQ0OTY@._V1_UY268_CR3,0,182,268_AL__QL50.jpg","
                    A tale of friendship between two unlikely pen pals: Mary, a lonely, eight-year-old girl living in the suburbs of Melbourne, and Max, a forty-four-year old, severely obese man living in New York.
            ",Adam Elliot,"Toni Collette, Philip Seymour Hoffman, Eric Bana",978762,71899
How to Train Your Dragon,2010,1h 38m,"Animation, Action, Adventure",tt0892769,8.1,"https://m.media-amazon.com/images/M/MV5BMjA5NDQyMjc2NF5BMl5BanBnXkFtZTcwMjg5ODcyMw@@._V1_UX182_CR0,0,182,268_AL__QL50.jpg","
                    A hapless young Viking who aspires to hunt dragons becomes the unlikely friend of a young dragon himself, and learns there may be more to the creatures than he assumed.
            ",Dean DeBlois,"Jay Baruchel, Gerard Butler, Christopher Mintz-Plasse",892769,76093
Toy Story 3,2010,1h 43m,"Animation, Adventure, Comedy",tt0435761,8.3,"https://m.media-amazon.com/images/M/MV5BMTgxOTY4Mjc0MF5BMl5BanBnXkFtZTcwNTA4MDQyMw@@._V1_UY268_CR3,0,182,268_AL__QL50.jpg","
                    The toys are mistakenly delivered to a day-care center instead of the attic right before Andy leaves for college, and it's up to Woody to convince the other toys that they weren't abandoned and to return home.
            ",Lee Unkrich,"Tom Hanks, Tim Allen, Joan Cusack",435761,78499
The Wolf of Wall Street,2013,3h   ,"Biography, Comedy, Crime",tt0993846,8.2,"https://m.media-amazon.com/images/M/MV5BMjIxMjgxNTk0MF5BMl5BanBnXkFtZTgwNjIyOTg2MDE@._V1_UX182_CR0,0,182,268_AL__QL50.jpg","
                    Based on the true story of Jordan Belfort, from his rise to a wealthy stock-broker living the high life to his fall involving crime, corruption and the federal government.
            ",Martin Scorsese,"Leonardo DiCaprio, Jonah Hill, Margot Robbie",993846,106782
Interstellar,2014,2h 49m,"Adventure, Drama, Sci-Fi",tt0816692,8.6,"https://m.media-amazon.com/images/M/MV5BZjdkOTU3MDktN2IxOS00OGEyLWFmMjktY2FiMmZkNWIyODZiXkEyXkFqcGdeQXVyMTMxODk2OTU@._V1_UX182_CR0,0,182,268_AL__QL50.jpg","
                    A team of explorers travel through a wormhole in space in an attempt to ensure humanity's survival.
            ",Christopher Nolan,"Matthew McConaughey, Anne Hathaway, Jessica Chastain",816692,109487
